"basiccar","pop.total","pop.male","pop.u20","pop.20.64","pop.married","pop.white","pop.black","pop.native","pop.asian","pop.pacific","pop.latino","occupants.1.5","rent.35.income","occ.units","pop.single.hh","hh.size","no.school","poverty","med.income","pop.no.insur","pop.unempl","city","x","y","R_MeanDiff","NR_CrimeCount","R_CrimeCount","R_MedianDiff","R_SDDiff","R_1DAY","R_1WEEK","R_1MONTH","R_MONTHS","crime.cap"
"10A17",29788.2761776429,50.8594954273659,24.2723549473085,63.285377117809,0.23139478829042,63.6286272984236,5.26374324647724,1.02555351667593,11.9344000027937,0.29432757599464,40.7264734038063,2.74981809768799,55.7446777851377,1437.79270134512,0.156542342723353,3.0415757663256,15.515695012828,12.3736987503558,68970.2046454713,5.49039491037176,5.50157390602432,1,-118.34664869,34.26958047,202.266666666667,7500,15,31,336.739506500344,0.214285714285714,0.25,0.25,0.285714285714286,0.252280459439283
"10A21",40652.7852649509,48.9789412059879,25.7490171221412,61.9780894225167,0.222853897024511,76.0966095616057,3.7568240261643,0.37272952554823,10.3655759879374,0.470940816816066,49.2839016152582,5.42655302921811,57.3101889974134,1651.5222012301,0.131347465614199,3.29793141461831,25.8799500708525,21.7087768461486,53324.5307977023,5.82387584267597,4.13993249267016,1,-118.28347896,34.25185961,248.527777777778,9971,36,7,444.887111595169,0.169230769230769,0.276923076923077,0.323076923076923,0.230769230769231,0.246157795456825
"10A3",40311.9772733365,49.8651657116023,24.9705359535191,64.3825273713746,0.204304111987437,68.1892027514261,7.0444466628236,1.47740825337088,14.9169479719747,0.293536746362165,53.9122278764502,5.71989913236619,52.3167866298018,1620.82591359218,0.161548908353856,3.54232191319132,25.895710207902,19.44542518899,54095.86161698,5.47307354872351,5.00175924563679,1,-118.46643771,33.99562065,163.258064516129,9452,31,3,420.636420022639,0.203125,0.3125,0.34375,0.140625,0.235240259630537
"10A39",24000.6562380109,50.3479582990974,29.885262257732,61.7672595647643,0.184454349938415,41.6448642222176,5.40353908701389,0.450677837935536,7.86574434834097,0.220914010964078,66.3083432543069,9.18559160749287,54.5137416015431,1410.89120204594,0.17641675125363,3.23759437458544,29.3416691526299,23.2721992902149,42717.7119728666,7.48444775291842,7.66323967427882,1,-118.41458244,33.99541106,246.861111111111,7566,36,2.5,511.478146595184,0.202702702702703,0.310810810810811,0.324324324324324,0.162162162162162,0.316741339262231
"10A83",34253.106597166,48.4988312194825,22.560019369435,59.8917125138422,0.265355464209134,80.3562609439225,4.97648122578734,0.288645952764086,9.91336064266471,0.451621441207107,17.6602186629763,1.16916021796542,52.5058924720494,1602.19989067231,0.154095431531081,2.63452699553355,6.02558858757742,10.9470893263512,87930.1231469208,5.10431580264349,4.69034766884032,1,-118.40946599,33.94202363,138.057142857143,9619,35,3,345.914639492355,0.183098591549296,0.323943661971831,0.366197183098592,0.126760563380282,0.281843048968841
"10A99",36037.4415564559,46.3887735210759,19.7395214694912,57.8645457402426,0.316966799512984,87.2043983264311,4.35321871792509,0.209091864624639,9.62509512197357,0.0587711517448897,8.47681860550839,0.516088443744262,47.0228908838467,1998.25228753726,0.119918681970694,2.39823964314636,6.0270705344198,10.6181313726735,96924.9193020243,1.72471995908271,5.50296896609093,1,-118.52662289,34.28731425,38.2857142857143,9051,21,4,95.2849111124856,0.128205128205128,0.333333333333333,0.435897435897436,0.102564102564103,0.251738181407465
"11A1",31398.8510661215,48.7409699024733,14.2378921151,70.997739563915,0.220638040602799,67.2548152076536,3.53866552400961,0.815966798325703,18.4107876226357,0.62174754467812,24.6221409367937,1.82484184157753,41.105032825601,1522.66750033689,0.251240955724553,2.25738022716784,10.3980578388938,10.8282122691688,68941.4724939238,4.20560976938438,6.5808610999474,1,-118.53759038,34.23606391,156,10208,26,7.5,320.73004224737,0.1875,0.270833333333333,0.333333333333333,0.208333333333333,0.325935492940447
"11A17",38044.8236579278,48.3686009357155,21.9816816107893,61.5988208405267,0.258254669895926,58.8901539623317,2.46122665396308,1.92076493387882,29.5581585452637,0.687141201777092,39.1611885879517,1.70641787726848,39.0630281321625,1455.95680350856,0.130238798927149,2.76925027037948,11.9518438607262,10.6886240026727,76697.21836027,4.60457029026953,5.27065864984037,1,-118.57286638,34.2363856,115.739130434783,8236,23,12,242.868879212876,0.0882352941176471,0.235294117647059,0.382352941176471,0.294117647058824,0.217086037098216
"11A25",27798.7155490923,48.439621472671,23.7076551482178,63.7002163908225,0.20925269566142,55.6124542833325,2.66369011320502,3.50299889431581,16.9655930927968,0.587720799641827,62.2107129402473,2.36325625875204,44.0545960375407,1127.82184722422,0.173747095461729,3.07027312214018,22.9096211286824,16.214031143442,56637.7933565008,5.36047686854701,6.22060731095227,1,-118.63229492,34.18847727,72.6470588235294,5742,17,7,132.76480198855,0.133333333333333,0.3,0.433333333333333,0.133333333333333,0.207167845213195
"11A37",31450.4762811611,49.3427338729548,26.1305881421863,65.1192970333759,0.191247535486237,48.5048935423596,3.08925122128834,2.0908700153572,8.36902253932642,0.39801351661784,73.7229210799862,8.44924545657885,52.6616412821605,1325.62274684155,0.201463170228392,3.2506511419004,33.2720783565442,26.0073775795293,46600.2807849748,7.48906103404467,6.47277891124129,1,-118.59334632,34.19233552,160.642857142857,7644,28,2,353.629039184422,0.196428571428571,0.303571428571429,0.321428571428571,0.178571428571429,0.243939072064086
"11A51",17494.5623766811,56.3944898470325,18.1280797189513,81.1561094728395,0.26178128596489,57.4703306226124,5.86530368439492,1.87265263506825,23.0763996244614,0.597257334556693,48.4266973030355,15.1670183928666,53.7712365037838,1468.87924755904,0.250899251902225,3.13235738849908,26.2447155675526,26.4888905836275,47620.8347202484,7.0806119903236,6.98215831510966,1,-118.62981453,34.16699188,36.3529411764706,7123,17,1,100.213485355309,0.256410256410256,0.307692307692308,0.384615384615385,0.0512820512820513,0.408126813707388
"11A71",29817.7803586144,51.9613379669915,16.1100348538851,71.6340662400911,0.213936396559916,76.3815038839904,3.35421156223374,0.55316598288566,16.7767583660311,0.364081703752962,26.5980730994173,2.78750583075616,35.217349284371,1806.09324422574,0.225255975532464,2.32213808798612,8.62524621676297,11.3390436361753,89501.7193538222,2.38298345643495,5.53765460591502,1,-118.37454328,34.18818153,202.95,7882,20,4,434.320700695502,0.157894736842105,0.315789473684211,0.342105263157895,0.184210526315789,0.265009665540618
"11A89",36429.9309195272,50.3882779002951,25.0947168732932,63.4164654810042,0.205818645762067,51.8884160530638,3.06441436128369,2.33591077940646,15.692570326129,0.182701198756576,70.444246974446,6.5473707883883,55.9421019829086,1096.13744632845,0.1672184105742,3.38137671980612,36.9109007343602,22.3764919010489,47578.3437659142,6.20764223834692,6.70020400204005,1,-118.39943057,34.18207072,127.739130434783,8444,23,2,451.562964238584,0.224489795918367,0.306122448979592,0.326530612244898,0.142857142857143,0.232418777260473
"11A95",17628.9219439311,51.1410642339831,18.3872198950252,69.837507651418,0.211727138659505,58.5896062898236,2.54298829370611,2.724304378491,19.1654680447134,0.212021220222308,50.4776229505087,3.76403877768854,42.7432908607912,1379.93391990457,0.208974962652178,2.76791914609094,22.4090370572045,16.6830183340535,59776.4056258839,6.56812175750965,4.11920130254266,1,-118.37210573,34.17189075,73.1538461538462,4553,13,2,166.429587791077,0.214285714285714,0.321428571428571,0.321428571428571,0.142857142857143,0.259006195303501
"12A15",20504.9136497476,48.2459369156277,34.0617585337004,58.5181247371838,0.135330345441715,28.3183503452576,23.2695554914986,0.573370954226581,1.15010307632389,0.0877616440960197,74.948854601203,10.098667319162,65.7432581013692,1459.36981464657,0.14473154610895,3.99088755291667,45.7189530854051,36.0491921796211,28355.4837375832,5.90521425528911,6.73752199475708,1,-118.45384892,34.17514953,106.925,8613,40,3,253.945217946605,0.181818181818182,0.298701298701299,0.363636363636364,0.155844155844156,0.421996412557754
"12A3",19320.3839499202,51.4765369357897,26.5249103939703,64.0169279712482,0.163717579095804,24.5575975004888,34.647236197842,0.782494013705664,0.972344964356251,0.619788319344968,63.4159703244662,7.74628281029101,66.4297431749305,1428.35542939747,0.164614226953667,3.71954084447889,41.5524947278331,29.790986725711,35046.1451241223,11.5090992687511,6.50395547997094,1,-118.45344511,34.20690027,250.232558139535,8062,43,2,579.109408086051,0.2,0.294117647058824,0.352941176470588,0.152941176470588,0.419505120654369
"12A31",13563.6241124517,46.38043042014,21.3615612547921,63.2195770547233,0.185112797171009,18.9777429902992,60.9771782731691,0.67613794368397,2.33145276744249,0.00238562220536273,33.3960989990214,1.54182829538633,65.4107079357327,1657.37623841895,0.136401863222425,2.67209335435516,20.073209419514,20.6071144616927,47330.5193360791,9.35981062635481,9.6834579182011,1,-118.21108054,34.13437544,63.3,6145,20,2,132.107253077904,0.19047619047619,0.333333333333333,0.380952380952381,0.0952380952380952,0.454524539229924
"12A45",20503.3109158266,52.1670927151252,31.5678826741223,67.9980112040347,0.181871175183531,29.6640193336659,43.6536921838355,0.99561317021181,1.36204200898572,0.0489385790039361,64.3836393029154,3.85145122596173,76.8579954417285,1423.93615388424,0.154949641995436,3.6580375971508,38.4451355555104,27.1296465215817,38058.7407449765,7.47236219352154,7.65056841461385,1,-118.2295359,34.10541507,75.2222222222222,10256,36,1.5,237.773615154188,0.225,0.325,0.3625,0.0875,0.501967708642391
"12A49",12981.7636793779,58.9047801450513,40.1403528840279,72.524632068822,0.184677918746056,34.9654662842609,29.391095247753,1.92981551705585,0.61808877944652,0.00044041321224587,93.4191554521264,10.76334712561,80.6940340828224,1236.23898503042,0.183033404986814,4.30826604990331,57.9695200749429,44.8550456725442,34173.2397139563,8.08486310978811,7.35310326619619,1,-118.34576182,34.09964892,162.96875,8584,32,1.5,467.23092890713,0.235294117647059,0.294117647058824,0.352941176470588,0.117647058823529,0.663700265449054
"12A51",16599.8871179086,45.6905342852103,24.8678451922288,62.3495268698103,0.170263496756789,22.8903675709776,54.6820958979772,1.39639065068882,1.34305963717929,0.745405223271244,42.7897549278253,1.7968056670711,69.6839167089413,1360.4074572025,0.160272777522232,2.69117594716305,27.1528747649064,26.2048043696711,31379.1029402469,7.73953295676288,8.07288270306472,1,-118.32364313,34.09569107,156.675675675676,8229,37,3,363.409246966531,0.202702702702703,0.297297297297297,0.337837837837838,0.162162162162162,0.497955193386967
"12A53",12096.1271647973,45.5929011209521,25.5382511713766,63.3898439957258,0.16654654338483,15.6216023857061,75.9887232817932,0.985714177023715,1.81975302676375,1.49979170666251,27.1693398916425,2.86855620402664,66.348691086384,1509.17779946714,0.125961153753608,2.91198976025864,21.5641723689123,22.4807986076333,41242.1294932871,13.7415507277293,8.44642868526785,1,-118.42923221,34.04407444,87.1282051282051,8892,39,1,248.763804640718,0.238636363636364,0.318181818181818,0.340909090909091,0.102272727272727,0.738335491874738
"12A57",13657.5093016927,47.9507024507894,36.233477751407,59.5428342227062,0.128362166515578,26.8102497380523,22.3448412023082,1.87796683197167,0.71470594360512,0.00041952252868583,76.8215994092402,7.95730524447322,65.6581666861916,882.2076329783,0.178164801201016,4.08855821603757,49.3144073246695,43.8069903593082,28626.7224305483,9.84313972815443,9.49517795871404,1,-118.20878275,34.06863335,62.037037037037,7551,27,5,123.246620013408,0.207547169811321,0.283018867924528,0.339622641509434,0.169811320754717,0.554859589153696
"12A67",17518.287441869,46.6215730427187,37.875096656525,55.9781323635711,0.130587341587846,23.4105173348169,26.4454493135764,0.113461119823923,0.262849148890175,0.111489575051355,72.9174891674676,10.9571477561432,65.1760172390951,1153.57700693723,0.130541338393877,3.94876069958328,48.6312118920098,44.8397433296673,26825.9890499753,9.78004738793207,6.5497117350442,1,-118.2115772,34.04864892,111.6,9034,45,2,310.384834446765,0.22680412371134,0.309278350515464,0.329896907216495,0.134020618556701,0.51825842167089
"12A69",16188.8316737202,49.0082711754721,36.5194345625296,56.862574332967,0.160715007046176,29.9314217144711,20.7480672072806,0.48495391463706,0.483107560150194,0.000139788480851134,79.2001437162246,12.8986878322008,66.7046861504296,1004.77881014891,0.152278178657998,4.17447908081027,49.4690455163509,37.1121323369948,32083.1081143348,5.61151860870673,9.28354228347695,1,-118.19374129,34.05444218,10.8235294117647,6631,17,2,16.4781495248922,0.222222222222222,0.305555555555556,0.416666666666667,0.0555555555555556,0.410653476049905
"12A73",10730.1325740274,39.6938631783047,22.9021221737576,59.7185280730772,0.186471667270918,13.8310102996058,79.5921431490653,1.14342166015501,1.10369949069993,0.249063277168232,19.7055056774739,2.06115638351024,55.1909165913322,1878.56116505858,0.108889735838562,2.8422111440314,16.4507860931516,18.3091797162801,50057.5996886023,1.55222346575891,8.78671178730291,1,-118.21760444,34.03899343,133.454545454545,5320,11,4,400.997596909598,0.227272727272727,0.272727272727273,0.363636363636364,0.136363636363636,0.496825175571814
"13A13",12817.2886037576,52.2761336832218,29.7919198861867,64.8620689502263,0.0785697650178226,44.9554701799537,4.95036839147995,0.653941611336362,2.70621201623728,0.0423834070950214,89.530714036817,24.6567816288665,51.439776671335,1013.24480421586,0.0868063752899947,4.10980873550271,61.3247140930127,37.8081847882147,30904.688807701,7.48923532174298,5.50063606447833,1,-118.17281023,34.0813073,190.125,7925,24,3.5,416.960775185722,0.224489795918367,0.285714285714286,0.346938775510204,0.142857142857143,0.62017796787923
"13A27",21611.9730411231,50.3865284681915,35.7510637561843,58.3301436283124,0.154515289944505,39.862114082413,9.65709810228782,2.57716595851206,0.849727179188719,0.11614311577873,89.2966482776859,13.4034285758804,61.1843163768032,947.360395563943,0.154028355557636,4.75878370499002,63.6585482726244,34.9847502887419,34809.73683661,8.48382120152565,5.11017322870076,1,-118.20761595,34.02223863,197.941176470588,6319,17,3,476.343687712485,0.151515151515152,0.333333333333333,0.363636363636364,0.151515151515152,0.293170826557293
"13A41",18442.0975419945,50.9102199772232,33.5692510068021,60.5482903599952,0.129363941936075,37.5289469212887,10.1815412594869,1.74147013345823,1.32085934826706,0.137838997158499,86.1426493826594,25.8627395039996,67.7027520902427,868.566957299866,0.160953476494324,4.41340045444278,56.9764860690224,48.1590172941818,29598.6741857951,4.36014265995169,6.19926522699932,1,-118.27006375,34.06202361,217.631578947368,6756,19,2,612.830247524306,0.219512195121951,0.317073170731707,0.341463414634146,0.121951219512195,0.367366021385184
"13A43",19363.1815742871,48.7957171585916,36.4830700111087,59.4721072975583,0.120697329744274,39.1452740041716,4.53286906267521,1.59522272049986,0.345673397787336,0.617352344945692,94.0835164576217,21.2074689432227,60.8476118457274,1108.888041931,0.172546030600849,4.70068211112733,65.3390514021154,38.8801700074528,31953.9255646175,10.001420792083,6.14648234767687,1,-118.37203043,34.06943068,112.818181818182,5998,11,0,369.539664496741,0.275862068965517,0.344827586206897,0.344827586206897,0.0344827586206897,0.310331232341462
"13A61",20262.2152012388,49.4008160386157,35.6446552124317,59.5114116740866,0.128593123559388,29.8770150494027,14.6700926967398,1.87683530927447,0.386561242030354,0.00184291318423487,84.5722461550867,16.3299869614229,66.7551671452509,1250.1630600984,0.153668497099195,4.19473694721925,59.0790944932385,43.9668073490797,28257.8710868706,6.54248746679641,5.47210988617522,1,-118.35316672,34.06389102,286.827586206897,6787,29,3,646.718810003098,0.224137931034483,0.275862068965517,0.293103448275862,0.206896551724138,0.336389675674912
"13A75",21053.8883484013,49.0320731544433,37.2581622836493,56.6144501606218,0.138944900759871,35.6222878278299,10.547313457289,0.51382278661751,0.550373838433473,0.000183623674140117,89.2094802206225,15.360826218558,65.1617034712601,995.063006042771,0.161125855091508,4.6516187432108,60.4074519175266,40.5337939434076,31135.3209709749,8.03294755010105,5.2029950892302,1,-118.33999691,34.04108516,215,6565,16,42,395.31590742932,0.148148148148148,0.259259259259259,0.296296296296296,0.296296296296296,0.312578840121935
"13A85",16364.9534408694,66.5027502094253,55.5147564049311,72.9282481851698,0.167753213116208,37.6739777061973,17.9729178818318,1.30053907554889,0.350252834733496,0.079899441579313,117.09425270546,23.2522531949858,103.689196001161,1304.65630958045,0.189379813804264,6.15242485372562,78.6020223172946,57.3449342139626,40526.7674503586,8.99625908254931,8.20983534899832,1,-118.30460399,34.0598387,111.769230769231,6013,13,3,371.721256195677,0.185185185185185,0.333333333333333,0.407407407407407,0.0740740740740741,0.368225917768322
"13A9",4125.85323628865,57.6299303114581,17.4044018566928,76.4890121535805,0.153357457799956,45.523245438821,8.1771859606879,0.632113813516003,22.9104944147512,0.401585676421055,42.1947357985817,22.9325773834746,49.4863303905214,1288.98925800764,0.308394001920129,2.79631900921329,29.4638890593596,26.2566381442613,59425.1079202559,3.26327919545511,4.42873139574882,1,-118.29589814,34.06005919,31.5454545454545,5583,11,7,50.8200032199205,0.227272727272727,0.272727272727273,0.363636363636364,0.136363636363636,1.35584076302045
"13A93",16922.6293459975,49.9690266276401,36.6364105162425,58.0035762076663,0.15199056871104,27.1111525621336,15.9152303184774,2.15864428799141,0.828760920907251,0.370239203791572,83.6425189240595,15.1549999935165,68.0700238422363,886.761601756437,0.161385148108009,4.65554801399581,55.9504437424325,35.2556251440053,34509.767179042,11.6877856589119,6.90049703413025,1,-118.24715412,34.04581562,99.95,6983,20,1,315.635611859125,0.291666666666667,0.291666666666667,0.333333333333333,0.0833333333333333,0.413824581087119
"14A11",12697.8418528129,52.8689177592782,8.17379555885055,74.9153688307179,0.272669337640184,89.4772804109464,4.02570076111623,0.820633021447123,5.33901195435943,0.561278904976161,9.96263385258235,2.05226164451601,35.9335107219559,2115.27798748745,0.228268361752671,1.77314755394195,3.43344956325984,10.1556346962386,82923.3104096932,3.83684383875459,7.77863506399905,1,-118.24819836,34.01207915,84.2916666666667,8712,24,7,184.472804444748,0.181818181818182,0.272727272727273,0.363636363636364,0.181818181818182,0.687990928006774
"14A13",9112.55382605298,49.3924234783756,15.7986879809879,73.7666962652579,0.189717414393469,82.3437348495139,11.4556063535791,3.56192766163789,4.30067804663651,0.508587154605541,27.5095858675693,1.7303139607677,37.1410140092459,1476.7257284941,0.24868795079059,2.07375762053326,11.769545597201,14.1898687748716,84172.204129147,0.906880801765133,7.10117438403251,1,-118.26213085,34.01112156,261.222222222222,3861,9,35,439.136020436088,0.142857142857143,0.214285714285714,0.285714285714286,0.357142857142857,0.424688849456844
"14A25",33368.6191962017,49.957999487524,19.4680195745872,65.9206367992446,0.272805094660224,75.0782978605851,4.94864510177538,2.16465557056752,17.4454782944055,0.291926385185879,19.2009525169474,1.77138398544558,39.450893148527,1595.60808375633,0.182465728827695,2.46385722153658,7.17112033059152,10.5539149774846,85058.1501610318,3.12315686178159,4.13687018459193,1,-118.2697784,33.99985769,94.2,6838,25,4,134.287316353159,0.191489361702128,0.276595744680851,0.297872340425532,0.234042553191489,0.205672280283663
"14A27",40956.2072721555,51.4829631204709,14.551891836235,76.525000682985,0.198599340631795,60.1778865512696,9.07668208792392,1.03168183964627,27.7581618831549,0.566701677678762,22.7682088171116,3.82181050712529,39.4420627647085,2097.94703637048,0.320392265668884,2.02477280411966,6.09332481565286,15.4377856775611,61808.0854421879,4.29755501236081,4.67370049300765,1,-118.24749265,33.99660639,54.7352941176471,8444,34,2.5,145.665309366854,0.134328358208955,0.358208955223881,0.388059701492537,0.119402985074627,0.20700158937236
"14A45",37950.0530996237,48.0822540965304,16.2483501369612,71.7086887671557,0.223065224530099,67.9765237728229,8.38798622373529,1.91588271708508,20.1871305545693,0.305698241539629,18.8819504603818,0.84150764181293,38.4558409157608,2420.67631258452,0.221540759195473,2.19419605859981,6.330572613281,10.2235564028912,92913.9885876586,1.72870064411453,4.45448174279793,1,-118.35913103,34.01294955,129.131578947368,9785,38,5.5,390.369206462544,0.202702702702703,0.283783783783784,0.310810810810811,0.202702702702703,0.258840217541024
"14A49",25221.6759478787,49.7954010090732,21.2220829939361,65.9615038929764,0.206822681620975,64.2389985747209,4.91433163838571,5.08428775285521,14.9233506638325,0.194905093842277,51.560736685565,5.69154136159123,45.0821564090264,1522.83893570277,0.198981808533299,2.63012998980733,23.9499136481747,16.391782647192,52425.5024321899,6.22565170696935,6.1093925529277,1,-118.31183308,34.0191244,237.263157894737,5208,19,5,437.931481462729,0.166666666666667,0.305555555555556,0.305555555555556,0.222222222222222,0.20724237401201
"14A67",19383.8236016908,93.5218965837083,37.3232311653827,132.925019850928,0.430450341683969,101.756298866489,51.7452714131576,4.69430645352899,32.4721559405545,2.09254656630501,41.3723250913387,2.79938339634862,76.6054171283322,3729.7375490432,0.399253059740876,4.46628749942776,9.22238809258013,18.5239461429973,161390.139174286,9.46071923815522,8.37768196572025,1,-118.29044698,34.01914222,47.4565217391304,11780,46,2,132.796202509583,0.193548387096774,0.311827956989247,0.397849462365591,0.0967741935483871,0.610096348533034
"14A73",30878.2914192853,48.0157720178365,19.9535748177417,66.1227508422192,0.236300347889904,77.003607852872,6.5310395295568,1.58299844382412,15.4246974404957,0.53872062285901,14.0978531712225,0.966862585746472,40.3453517373658,1825.10568590065,0.171674729294435,2.31613681018858,2.501348237258,11.1278246654174,96181.4049508436,0.916719709670396,5.35524942318375,1,-118.34279647,34.01408762,125.4,7157,35,2,260.259169471736,0.228571428571429,0.271428571428571,0.342857142857143,0.157142857142857,0.232914441487141
"15A21",23224.5751652245,48.3719100061976,23.0994687271521,63.2499707478646,0.23219471606963,68.1662738283001,4.0583063887511,1.6768400366299,8.99564940430757,0.404336680390546,48.2081971065478,5.92033201441256,62.3738345141462,1322.45295763876,0.165910339784446,3.42362440552733,24.5091763678707,20.4872709587618,47888.7692672056,9.78926273455082,7.27424474251224,1,-118.29895687,34.00732103,201.434782608696,7569,23,2,461.106852740521,0.234042553191489,0.276595744680851,0.319148936170213,0.170212765957447,0.326895107703324
"15A27",24585.4772948966,50.8291826680177,26.0163361986812,64.1546009834123,0.201390845523785,56.6003806931686,5.09916307354107,1.03818343476596,7.1361225308287,0.335973359133414,68.2045503332807,6.71389671369856,59.1607970735483,1124.79295103098,0.173588650020933,3.15350412785268,33.9331140852146,22.621606699884,40178.3296454479,10.0525862506948,5.94412704628909,1,-118.30542005,33.98156064,123.666666666667,8078,27,1,328.973461637164,0.245614035087719,0.280701754385965,0.333333333333333,0.140350877192982,0.329666164410093
"15A3",27775.8999435661,49.2522629356177,29.6197077915444,62.5452997292422,0.189841539137451,62.3401566878592,4.16521938962845,1.1779140174006,6.87816208349821,0.608661693296746,74.540497100315,9.62262116063375,63.58004270516,1146.0628718875,0.172965962859412,3.56550552852563,39.1262242732556,28.0702808267665,40578.9740502066,8.8999918430877,6.65560462068797,1,-118.32707809,33.97771931,177.441176470588,8473,34,5.5,430.838941374424,0.147540983606557,0.295081967213115,0.360655737704918,0.19672131147541,0.306272704657065
"15A33",17075.9595837897,50.9224483701137,21.8241539366355,67.3575809889199,0.212949718439482,75.2563351775862,8.0629793825219,0.971837413982779,9.1349085923046,0.714423576544633,30.9716841110584,1.85445000096884,45.606824395742,1714.11446771321,0.192002646363113,2.73440117742039,14.4312024523971,16.5176100840605,54180.082630495,6.62204919382457,6.09522038328737,1,-118.28056821,33.96397448,36.3076923076923,6109,13,2,76.6304819848523,0.185185185185185,0.333333333333333,0.37037037037037,0.111111111111111,0.358515723228324
"15A39",25249.7117494452,51.850790631431,18.6992264883216,72.2990709060351,0.167974226322658,68.858726573547,8.69764105650908,1.16925029388154,7.96660070605503,0.547399821691315,46.8706947093392,8.14691181603244,50.4799162661237,1715.25528271158,0.252072905458952,2.5846463699107,22.6295135820067,25.1806839963623,43700.0358335785,4.01755549479216,6.84038241376238,1,-118.30941026,33.95127257,48.3809523809524,9885,42,2,128.092183341597,0.197802197802198,0.340659340659341,0.373626373626374,0.0879120879120879,0.393153003032525
"15A43",27581.6071290113,50.6154188938761,20.6345248651064,70.0545608769164,0.215229774436205,85.4985855863994,8.50223291054398,1.56448009194974,7.53907811650692,0.812395365729877,25.4485805317865,1.18529234343496,53.5397588317985,2226.69480832399,0.199860680809395,2.42519958222693,8.87613850821827,13.962828802885,62433.2070101549,11.4941198958102,8.49721536472717,1,-118.28130584,33.94682536,61.3529411764706,7416,17,1,147.59104866847,0.230769230769231,0.333333333333333,0.358974358974359,0.0769230769230769,0.269491185384252
"15A67",31655.9673326988,51.8942077799368,12.6205656933433,77.6544371369579,0.1998366683727,77.0262318313922,9.60005953350173,1.06079061116196,11.8406356896067,0.683889721625531,16.9074668922121,1.42164401492533,46.3516379736059,1930.99783540518,0.281805914236477,2.01318147561536,4.48318174130362,12.3301169652454,72403.3944361796,5.8597475979421,7.70803881138503,1,-118.26083436,33.94081706,76.075,10463,40,2,283.511803896624,0.211111111111111,0.344444444444444,0.355555555555556,0.0888888888888889,0.331785785903026
"15A85",32895.5713663374,48.2112268867187,18.6121715965443,68.8022914155081,0.230108792281844,84.0965027072984,8.16868529471575,0.589292695270003,8.97714603404203,0.413515437517851,11.9450855762622,0.155097435945691,42.8852038113104,2315.78687552446,0.178013193517222,2.17232664133889,3.12394329274699,6.71607727943338,97407.9461601294,3.50544592740426,7.17950960859599,1,-118.24661183,33.93630611,235.612903225806,10610,31,5,422.428351117627,0.203389830508475,0.271186440677966,0.305084745762712,0.220338983050847,0.323478193508112
"16A11",29769.39613396,51.2788890834983,29.8397313466851,62.2418421334172,0.181810982720649,61.9342261083469,5.21928030615296,1.58162196578369,2.50769653154954,0.243498635211295,90.628009548958,8.00607744024767,60.5795422872237,915.676572746163,0.188702033334975,5.0445156110673,50.0785336263198,23.6484143666886,49218.8400238186,5.83990513938827,9.13842259220831,1,-118.2806894,33.93655964,117.260869565217,7657,46,6,312.315825534389,0.186046511627907,0.27906976744186,0.36046511627907,0.174418604651163,0.258755668584512
"16A23",41728.3338827564,49.3193754747507,31.7261567830093,59.6908310619655,0.196459175950115,62.6737839466253,4.19902754932059,0.569474386146137,3.27381325290019,0.0582437068692988,89.2834557832662,5.45935853866045,54.7181830034932,955.642712645447,0.151048594462181,4.4336243616216,47.1582128655698,25.0590035765927,48057.5705459353,5.25191486447544,7.51713665167366,1,-118.23431688,33.93638909,201.734693877551,10631,49,6,375.660572387173,0.191489361702128,0.287234042553192,0.340425531914894,0.180851063829787,0.255941203643727
"16A35",32624.4847624415,50.0277114147662,20.8116409124541,63.9891370644344,0.262342519973472,77.1699025461641,5.70224465864603,1.97700611399211,9.19823212440123,1.10447299648642,38.5666118617562,1.66435977596843,52.8615663527311,1595.95559438753,0.131165062792539,3.08830877710229,18.645446416703,14.0504221791697,62829.9126982206,5.7724622021951,5.13688096665445,1,-118.26811151,33.92707386,54.0625,6588,16,6.5,110.023311923731,0.193548387096774,0.290322580645161,0.387096774193548,0.129032258064516,0.202424652774985
"16A59",26319.8302564813,48.6303005894545,20.3172951966415,65.3372853750811,0.255275190490359,76.3197710087355,2.83822893844606,1.13856968849792,8.60919189581005,0.428652449519607,28.2611147230508,2.20893878338687,54.1802201692508,1644.15705674026,0.136516051807774,2.56880344546535,16.7561480230076,13.7542031508693,58274.9092431387,3.85405494194614,5.87030886035953,1,-118.25427357,33.79458908,176.6,4878,20,3,393.558582544882,0.175,0.325,0.375,0.125,0.186095425094691
"16A77",23021.6507427528,48.0669145809198,24.9495778538321,61.2732769531156,0.233435610493298,78.6816037286681,2.46205048255279,0.722825301341852,10.0973305695246,0.210084217129485,53.2882864292465,5.54742492893012,57.0273742007937,1034.8090676461,0.155045443255557,3.47667838337905,26.893589559444,18.7762906040893,56159.7158527165,4.60486093336565,6.54054519451291,1,-118.24710772,33.77779965,31.4090909090909,6684,22,1,79.3189217147544,0.264150943396226,0.320754716981132,0.339622641509434,0.0754716981132075,0.29129101448605
"16A81",36967.7771494121,49.0576618293095,25.4594125521582,64.4310512566388,0.213109535951068,70.404722310689,2.99829574292201,1.29244686379422,7.44532479295382,0.398231451655741,73.0429800166099,5.58696659722649,57.5912154381177,924.875575661333,0.163286450653681,3.94308000994606,37.4560432944995,18.9856950371094,49053.5815067067,8.81179764358486,5.476253001712,1,-118.27239574,33.76645715,157.766666666667,9833,30,5.5,285.564737914592,0.206896551724138,0.275862068965517,0.327586206896552,0.189655172413793,0.2667999203776
"17A23",44278.8721993194,48.7673146749685,21.0440786248828,61.1876789573329,0.300631788484893,60.7487820326542,4.83860974683598,1.00801226582676,29.469786971662,0.473717168510902,18.9762965099922,1.12723957011115,50.4064657297669,1690.28608111335,0.119738937502754,2.8329172434373,7.92869017766056,7.29793766703528,92369.2386577242,5.65005839869521,3.9907310812129,1,-118.26241821,33.7321871,379.666666666667,9503,21,3,508.897075382963,0.175,0.3,0.3,0.225,0.215091295847106
"17A35",50732.7161764429,49.7238694249461,23.6975849474447,58.1244190118241,0.310707754068356,65.906138695938,4.54635319516208,0.922182880706139,24.3292283491406,0.638857952468047,19.7220049897823,0.616652162916941,46.0362097812853,1268.1831560085,0.0955525298870459,3.24722136397824,7.02349375675634,5.92357635470905,101764.223651552,3.72244095947994,4.19598576317694,1,-118.30216915,33.72095133,274.970588235294,10374,34,18,568.051986806485,0.166666666666667,0.266666666666667,0.3,0.266666666666667,0.205153612588021
"17A49",42949.4372834687,49.4692979625255,22.0544381580068,63.1639124813225,0.260393730973496,61.579280849734,7.19496522898824,1.17742569436669,17.055549327221,0.441707007687052,37.585644355045,1.87202627053973,48.8345931428674,1820.74313749333,0.13418810582823,3.07911462659689,13.2402160405507,10.8594101915723,72631.6893664994,3.48883048138239,4.66361566141709,1,-118.47141565,34.31043465,264.789473684211,9781,19,4,541.706109225224,0.171428571428571,0.285714285714286,0.371428571428571,0.171428571428571,0.228175282840598
"17A67",34243.1192966336,50.4514631045608,24.6868351416081,64.7806052837095,0.193880681266928,52.9815442020206,10.5429563594426,1.31074743185005,18.1703740370484,0.395672288557396,39.177211279728,7.5593357313725,59.1088611171976,1593.91898123694,0.175182549708932,2.86334875394952,12.5692293282885,26.7477691088993,48591.1230486813,4.5188510398093,5.37774841956144,1,-118.44474158,34.23397147,91.1363636363636,8710,44,1,250.631629150543,0.252525252525253,0.303030303030303,0.323232323232323,0.121212121212121,0.255642598566089
"17A81",25301.7419494007,48.3553287221891,23.5606841759503,62.9175343861287,0.232808902304218,57.2416466276478,4.73597512206445,0.748168818242175,17.3857862455626,0.553976615611682,44.0542899951334,4.27324526015096,45.5382203293051,1767.76814291142,0.153490328625384,2.98903924715437,17.4751606304715,12.4361245955257,68057.507046619,7.34995305408615,4.93529508178671,1,-118.45251184,34.22779321,77.9677419354839,11298,31,3,206.522070470441,0.174603174603175,0.333333333333333,0.380952380952381,0.111111111111111,0.447755732496843
"17A95",25762.4806966413,48.8371195461598,22.9432346786815,61.979385191952,0.264986253109997,63.4515620171638,6.01990547291394,0.742060807659109,16.7779174801393,0.134661032508081,36.6643168690186,2.72654756009191,56.0532915809989,1417.59705931254,0.13413518943128,3.02841986115249,11.6104554581166,9.67438797747161,88508.1601896429,8.26374119388082,5.00351895947502,1,-118.49846346,34.18787491,87,7905,17,4,215.392664684757,0.176470588235294,0.323529411764706,0.352941176470588,0.147058823529412,0.307501443408468
"18A1",11677.60089741,48.2251029286512,35.045880943874,58.6016480689468,0.152208468669611,29.1761033701039,25.5613289714781,0.76471254805622,0.569764621011761,0.00459157501077652,72.8536513044158,9.57047185759102,67.3265671953846,1440.28841706491,0.151674134775712,4.01801880647247,43.9146997171695,32.4246084034633,26914.3494314225,6.75106050381553,7.7263505611486,1,-118.53907514,34.19070134,182.966666666667,7229,30,1,529.452839444083,0.257142857142857,0.314285714285714,0.342857142857143,0.0857142857142857,0.621617407870994
"18A17",14518.6720828476,46.0631293938445,36.9445765197362,55.8298384116856,0.140415376272828,31.8500175250201,31.4801855168333,1.35727161942643,0.464007656664334,0.00135854949097449,69.6813091350306,8.94617778702346,68.2071249225771,1381.31971519265,0.15963846527901,4.17789462107423,44.0020457867828,40.031872899535,31023.2448214845,7.75804076942032,6.44087944998933,1,-118.54032436,34.21090184,149.565217391304,6628,46,2.5,375.665019350065,0.208333333333333,0.3125,0.364583333333333,0.114583333333333,0.459683913371436
"18A26",14625.032317869,46.3057220028771,41.9367882619113,52.5164595939886,0.120556579713881,36.1014387918784,19.9229519853414,0.270836673234353,1.15254064281483,0.222151524586159,78.2917028950129,6.94522630159568,59.2307964990819,1258.73929840384,0.12660036941947,3.61258845663312,46.8552357112662,45.6570509968726,27983.8094707022,9.002967863607,8.46073087791854,1,-118.4859732,34.2057342,298.588235294118,6096,17,35,585.57226911197,0.153846153846154,0.192307692307692,0.307692307692308,0.346153846153846,0.417981982339354
"18A3",14747.4006870308,46.3194308293568,35.6944289672975,57.5886286437986,0.156526863360301,29.3074159811126,25.5875039219019,0.18992358611002,0.18673166392762,1.39474183350709e-06,74.0592848307615,11.4631099945917,66.6681824188536,1195.76391906682,0.140359082211758,4.40251253223635,51.5343843503782,32.8466485370871,34544.4845388743,8.67896007315296,10.8457407201714,1,-118.54463449,34.15436033,298.235294117647,7465,17,6,608.410996922697,0.161290322580645,0.290322580645161,0.290322580645161,0.258064516129032,0.507343643722913
"18A34",16631.6712593296,49.044434142088,33.7542321454197,59.3782574319598,0.140959168682023,38.4175549303851,29.6498112124907,1.08047465455117,0.677297792321166,0.0578823694021668,67.8861418606965,5.96384829689812,62.9856291749302,1392.66703876901,0.158436943114455,4.03133965469818,40.5707493152973,30.2960447263255,35980.8988838959,6.89751900780221,7.6470415888468,1,-118.49909875,34.14959291,349.290322580645,7583,31,4,740.527838484073,0.209677419354839,0.290322580645161,0.32258064516129,0.17741935483871,0.457801256487011
"18A35",15083.2762684736,48.0586107895224,42.2678825774664,53.1249934967394,0.104486025897438,40.2107249085981,32.4699497016855,0.200906523408916,0.734547687662223,0.711134710106834,67.9681539499735,6.42341551526204,59.7367526828821,1196.82057185423,0.118552118943655,4.31696649626614,49.6366706408962,49.0965873492561,26982.1346742745,5.38944287163387,12.3859972494403,1,-118.28542359,34.12880931,252.896551724138,7286,29,24,409.390605031045,0.176470588235294,0.254901960784314,0.294117647058824,0.274509803921569,0.484974210496263
"18A41",14804.5225386222,47.5229067211369,32.2418728434429,58.4980234214842,0.152695020176257,26.6701000768722,35.8871540184481,1.32477282631521,1.00105685170209,0.568510367911117,63.0600456836358,12.1705158495876,69.8029029719056,1097.22121141654,0.17614694830996,3.84131259643654,43.798720471228,36.6197989536242,32463.4044725778,5.00146413705936,7.36910801708292,1,-118.18994663,34.12267544,110.90625,7572,32,2,448.867992619642,0.197183098591549,0.352112676056338,0.352112676056338,0.0985915492957746,0.513626831271498
"18A49",13742.6923024106,47.0188435982102,40.5323411114698,53.0443319098269,0.143531873609353,46.9264769786235,21.7896484299095,1.61941591770984,0.687077811603024,0.469998792856939,75.9629155040068,7.65265845107131,70.1257371270236,1382.09288147984,0.149527220374154,4.85899864195123,51.6422700724437,41.1314363357449,33569.4056427691,6.88745431748887,8.65736084707505,1,-118.20189848,34.10856536,195.2,4372,20,6,432.529962454687,0.189189189189189,0.27027027027027,0.324324324324324,0.216216216216216,0.319588032923476
"18A63",12258.7696122882,46.4857699944522,34.8982226139027,57.6323276712784,0.143726777708878,30.1683390793979,34.9930431087191,1.02682624376968,0.536917257959514,0.113746120552586,64.0094615111262,7.92721559242904,59.3321707206504,1007.13743106101,0.142403141570544,3.99139367577435,40.6359604190973,33.5197183037484,33874.0691676974,7.14941317642879,8.45519353669887,1,-118.29031974,34.09657686,145.904761904762,4895,21,2,490.277768694635,0.195652173913043,0.347826086956522,0.347826086956522,0.108695652173913,0.401019038246073
"18A97",19811.5883904149,49.4223511262848,29.106215114683,60.8868251925244,0.189503144842827,33.4211793465623,24.3591939416281,0.827543869955293,12.0929969024572,0.0950405445298678,61.0143650582069,9.91352202450268,61.4384130295247,1177.52637308669,0.148480729768194,3.5273087960741,30.111977670914,23.9212141316801,44943.0471707097,5.77902533053565,6.23447032821162,1,-118.26682369,34.09752518,116.931034482759,6389,29,2,386.217363950339,0.21875,0.328125,0.375,0.078125,0.323951814136473
"19A1",31343.9067146806,48.9236187370286,29.3289860773352,61.1158299061858,0.203245955113009,76.2982462407788,1.86746444677683,0.488786351453426,6.73895834115707,0.221156244450051,83.9835787683819,5.08811144773183,51.9464934564885,1166.33103352299,0.151779468469578,4.05757161283584,33.8881791315154,17.3209934540444,65313.8548097528,5.99352967779539,4.74087161180671,1,-118.24408612,34.08540971,191.540540540541,7667,37,5,413.184757879746,0.138461538461538,0.292307692307692,0.323076923076923,0.246153846153846,0.245789399200568
"19A43",22929.1981520084,49.2853149210137,23.5857198254213,62.5762889711624,0.23936087876858,61.2265463146167,2.27132950510915,1.30841571588159,9.24068643716497,0.0283528430624461,73.8528510045201,3.22755768659973,54.3381861852262,1058.72573443944,0.151240773516516,3.72390770040199,29.2870643423565,11.5511621716388,61406.6228006049,4.56455450001261,5.81145979963669,1,-118.2899952,33.99497789,131.142857142857,6513,28,5.5,293.192227966027,0.188679245283019,0.283018867924528,0.339622641509434,0.188679245283019,0.285269461087852
"19A61",37799.3099493174,50.2064318820929,34.3255997904501,59.6965088985342,0.160962022966358,41.3820303645479,3.86571356070841,0.446698154549683,13.0423466014267,0.583980239121168,75.7770249780788,11.2529008732813,57.3077056024738,1107.42070935847,0.155647276776551,3.81901660362106,39.5741329318985,32.6799491679572,42694.0337934514,7.94436995120679,7.27036392692912,1,-118.30597056,33.99754841,77.8372093023256,10640,43,4,224.094147968954,0.166666666666667,0.321428571428571,0.392857142857143,0.119047619047619,0.282624207011295
"19A7",48423.6438354933,48.4630054016932,30.0381365269355,59.7842960522882,0.216688987364665,74.2844737282719,4.4863987121468,2.76235637440403,5.42385100545272,0.0586396313397661,76.9637541355684,2.96939028200974,56.8194529919665,1246.34245247872,0.13680176880363,4.04722272025233,30.9831961944899,15.651430191617,62631.1212957269,6.30344447772068,5.0954695783453,1,-118.3344886,33.98851656,162.263157894737,10685,38,2.5,469.571667051864,0.189873417721519,0.329113924050633,0.354430379746835,0.126582278481013,0.22144141065527
"19A75",23469.8206677911,48.2022753489204,29.7091826511105,60.4577648051654,0.213323422480141,50.3545060908191,3.23220490444328,0.499424708030522,19.5988966711886,0.423320182388576,69.8361765177898,4.40023980959359,54.1108475802446,1147.42406378228,0.160983989710916,3.9358432072499,33.3018871302448,20.1637751974453,49253.8451187584,8.43541264139673,6.95035713929632,1,-118.28714808,33.98253425,378.2,4777,15,99,587.133496623334,0.136363636363636,0.181818181818182,0.318181818181818,0.363636363636364,0.204177103346014
"19A79",36673.292132074,50.1438246395063,24.7180189646148,64.2101954900458,0.235965032105428,61.9042152129337,1.73272817706757,0.975862837185955,11.8604149306234,0.0617869559507378,76.4543694574621,4.79156940641852,59.618965211558,1237.26891131951,0.169987136603777,4.38725021144161,37.4747746033782,10.195876987243,68455.3918836761,8.67908197533716,6.51751852655527,1,-118.3045882,33.96721188,222.291666666667,6970,24,6.5,617.523699891378,0.177777777777778,0.288888888888889,0.377777777777778,0.155555555555556,0.19071099411561
"19A85",24963.8445687599,50.9012758850237,35.0724250740202,59.4693154337078,0.161647520852525,52.4808775327007,2.97094127974421,0.953352808193323,8.54926914201532,0.164493871434837,85.1584648161938,13.2442694751878,62.8341195073294,1044.23351934331,0.159788721132761,3.88064913865639,48.7538249750366,40.0928618189558,30609.6442507618,9.02934754214876,8.83192891295806,1,-118.28057639,33.97126882,111.51724137931,8089,29,14,222.344909140483,0.130434782608696,0.239130434782609,0.369565217391304,0.260869565217391,0.325190295815212
"19A93",25999.5063865573,48.5563721870079,28.9808759839109,61.6125012219695,0.203950921475344,38.4398872192019,2.65648231658764,1.39244085238479,19.1015243776482,0.159631697377971,69.3024983090635,8.23212795235428,59.9407259903116,1314.50002039303,0.150076967969518,3.77865207098458,36.0748182191194,23.2377331656206,42049.4947374226,5.156932928515,7.06509359179589,1,-118.26288766,33.96745697,94.1212121212121,7726,33,2,176.163056139716,0.208955223880597,0.298507462686567,0.358208955223881,0.134328358208955,0.298428742632271
"1A1",28470.171987459,62.7630176224783,12.9386204391208,73.5237604584631,0.133047482962502,33.8404311336225,15.3755990386903,1.88309469829209,38.1618504443528,0.407173324864465,30.6804154110374,14.8238388414971,51.2458148148596,1097.23604070614,0.277853246727159,1.89549071652058,37.2439368043195,29.2838945441414,42414.7028425781,8.0334035024713,3.43091888771483,1,-118.25880559,34.02855243,78.125,9176,40,1.5,208.518607360074,0.227272727272727,0.318181818181818,0.340909090909091,0.113636363636364,0.323707212027367
"1A29",8315.9660822428,64.6912357994853,4.84550105834344,79.3766680483975,0.127164531834771,32.2046811170386,36.8892881658962,2.6958356536941,22.5833029779027,0.951831349503828,18.8307790179717,5.99863782323735,44.5929373016769,2163.99292937742,0.173308206293204,1.06700728592313,24.8937434942994,54.9743919554323,26774.7688981104,3.83500995625189,7.09829401560889,1,-118.27400216,34.01481726,64.0882352941177,8903,34,1,326.813390145829,0.231707317073171,0.353658536585366,0.390243902439024,0.024390243902439,1.07467970787944
"1A35",6436.50931537935,63.2078919576138,2.06982631830978,89.9731774396627,0.120546763250471,50.8693399529723,28.6421257826502,5.56577960706761,13.5535260772628,1.15266301719478,14.6643191580354,12.8514913245969,45.2699607288561,2851.75424343736,0.335393306365901,1.22942744102788,13.1986617276975,37.7931259984807,31431.6578298986,15.2828996213383,7.6272729333962,1,-118.26625586,33.98981775,42.6,12091,50,1,198.840927089255,0.252173913043478,0.31304347826087,0.4,0.0347826086956522,1.88627086594754
"1A41",5459.24366304619,53.6986124334208,3.64978802211856,68.2852075530005,0.21006148002679,43.9810449491745,10.7833572151169,1.9733722174182,39.8988738675603,0.442800122193714,13.3000533879831,8.17853863492908,32.1500601708906,2700.4227366652,0.320192489848876,1.24142156108413,16.5180560589374,32.1921328892167,36101.3557092875,0.304759943293532,5.03067871295956,1,-118.23647775,34.02582464,35.2558139534884,8802,43,1,141.425749158054,0.232323232323232,0.333333333333333,0.393939393939394,0.0404040404040404,1.62018780364616
"1A61",7309.96527504787,50.9545408022805,15.3308772604262,73.9185170953431,0.161281316753154,40.3139968452671,11.8539219235782,0.904977666309015,30.2921283518506,0.465420245525322,31.8005982043554,12.0476829419555,42.1718667171277,2061.82195513339,0.270418061369648,1.64288302794621,17.4306807622664,32.9357971151411,55210.1567843689,0.751790518544572,4.19848197566691,1,-118.27054215,33.98058752,30.2051282051282,11489,39,1,103.677429784373,0.235955056179775,0.325842696629214,0.370786516853933,0.0674157303370786,1.5770252752568
"1A85",5357.92795144581,51.8638044910613,13.1716241415819,76.6030458391016,0.16850820285767,47.3249035276144,15.3025682632782,1.64759783487351,23.7715037038813,0.808314635972262,28.9513788010287,10.7279196193246,45.789247288603,2592.17306269098,0.31410967133404,1.5251041249751,15.4411673337706,31.7965752711921,47561.7701143749,0.537744910945038,5.3558943370904,1,-118.46648739,33.98247417,108.7,6407,10,2,286.041974386822,0.19047619047619,0.333333333333333,0.333333333333333,0.142857142857143,1.19766448114861
"20A1",23474.703142027,46.7355248057749,18.9055352169804,69.4319325382654,0.224794441828926,39.9458325733523,6.35800202912271,0.634912895947483,43.2231115990363,0.262187968662167,28.2300725389273,6.2001741898347,48.2555332240995,1637.97044352932,0.193038837318224,2.52327055331085,15.4582902396088,12.4356090934906,52958.8328313791,11.0621246827926,4.74808237612821,1,-118.44200839,34.01214748,75.75,5476,24,3,173.24731003621,0.208333333333333,0.291666666666667,0.354166666666667,0.145833333333333,0.234294762609939
"20A13",22290.4783316959,53.3154535514714,25.8286080991883,73.3463397527225,0.219707757083849,33.709740859875,4.77183153394459,1.41122999726038,46.9341792720647,0.522341729854013,48.0360639817166,15.2313757428855,58.2419954702517,1498.38416947958,0.206117687149829,3.15483789917993,27.1140553834685,27.2010246777768,41615.3553336045,9.72351493746156,6.30276117070232,1,-118.41290844,34.02439259,92.7083333333333,5146,24,1.5,219.042080365884,0.226415094339623,0.320754716981132,0.339622641509434,0.113207547169811,0.231937597886741
"20A25",23465.9332629247,50.5963711342102,22.2109171392832,71.9585760017943,0.155927813586375,37.6558292851592,4.77695875373854,0.888632490812056,25.9547125142509,0.991515551023485,62.658912825097,22.5929482499879,50.6141330651118,1259.46076052608,0.227824073532996,2.86338562786086,34.591014136052,24.1490307593375,36486.263377793,8.02601632018411,5.63560314954685,1,-118.43128488,33.98342261,71.7777777777778,5064,27,2,273.82143723087,0.19672131147541,0.360655737704918,0.377049180327869,0.0655737704918033,0.21695280315331
"20A33",16933.198793567,52.3174050783355,17.8932450866224,74.1497827672331,0.180228332619384,22.3739213753022,7.51783711173663,2.86504683742927,40.3577197848232,0.283946125500873,41.4113414547417,15.3938325711832,50.9805417476878,1576.35410647629,0.270235857289688,2.34018828922557,24.5281596510915,19.9627408731392,37222.1119842118,8.56990034864893,6.10982933669347,1,-118.38210781,33.95824514,184.8,6235,20,3,519.682048544057,0.24390243902439,0.268292682926829,0.341463414634146,0.146341463414634,0.369392698701223
"20A39",17379.5579615865,49.5281370535617,21.7687252298225,68.7494252275662,0.191894508414794,26.5307320687898,4.84292534674481,0.504564859900439,34.6315312228582,2.14492063543606,51.2095087914106,26.5328289569461,53.0196776375731,1560.44972063443,0.245696709393518,2.2984642671874,32.3789737343155,32.6378770844355,35222.7467050398,3.82717918590844,5.51101800169142,1,-118.42327808,33.95761527,206.371428571429,7323,35,4,519.114239139432,0.202898550724638,0.289855072463768,0.333333333333333,0.173913043478261,0.423370952026695
"20A45",16772.5303879992,52.6067773851843,21.8432949230959,69.3951277887686,0.152302373010929,24.7180200742384,7.49323368541175,1.01538290030935,33.1929749588036,0.466376192694504,53.1294967238578,21.667584349083,51.6072398530383,1170.38256618226,0.240908546427122,2.11022803715153,28.8834752442297,29.8054669371435,32697.3881179209,7.97950117798446,7.9629352803743,1,-118.41510553,34.20378503,58.9230769230769,6434,26,2.5,116.651934600991,0.245283018867925,0.264150943396226,0.339622641509434,0.150943396226415,0.385153572571384
"20A53",22324.3890584701,47.9422397736145,21.9732955182401,65.0292811693988,0.215015991532231,18.0719509002907,4.57224717726444,0.959697524559586,45.5866128150758,0.527691095175126,43.6452884955929,16.0514272567714,59.0253105682862,1442.95922464859,0.17058584881885,2.80283416324698,27.972356732151,25.9310642519095,35241.1558334566,8.97078123179504,6.71756379093154,1,-118.38659968,34.20148339,100.529411764706,6246,17,2,231.854781503169,0.222222222222222,0.305555555555556,0.361111111111111,0.111111111111111,0.280545191341922
"20A69",19553.3924138049,50.8149008508252,25.1390882766883,64.4006012397967,0.171540505479067,17.4054015324999,4.30710609928547,0.284346752080317,22.5213795470066,0.171777200168851,72.3901593299544,25.7569752898822,52.7974154757137,1381.83174968766,0.18958919648642,2.97666409912864,41.6737825955052,24.2891290060242,33037.1827759242,3.701789268846,8.53082989061056,1,-118.39789677,34.16482555,285.458333333333,5744,24,13,591.124424419198,0.217391304347826,0.260869565217391,0.282608695652174,0.239130434782609,0.294987175520895
"20A71",17551.7841115018,48.9130454599784,25.8106560987443,65.0289460051855,0.164603735526268,26.7359086198107,13.9292226950601,2.07345250784715,11.6988829339085,0.000177161980581918,69.7562274214884,19.2773522175696,52.465023395119,1071.71637662121,0.185030797158128,3.4099218362734,40.0483037589373,29.3219789907402,34695.5334796483,9.3595683743953,8.12787291618978,1,-118.34797093,34.14373041,172.6,5382,15,4,337.000169563332,0.225806451612903,0.290322580645161,0.290322580645161,0.193548387096774,0.307490108453608
"20A97",13243.0243248095,51.127534081674,28.0555046156078,62.3386742079736,0.161747022491565,28.156112031839,2.044254839885,1.57276281379963,6.66426323286547,0.0270677479303667,89.8762528403788,26.3245088278512,56.2909306826852,959.020650233591,0.19078419222007,3.81401544995772,53.5133091723881,31.3364994084883,31250.5484696933,7.21656609157927,8.70315099194241,1,-118.39199241,34.13970405,102.727272727273,4299,11,18,226.827287119117,0.2,0.25,0.3,0.25,0.325454359539734
"21A1",34059.4703695291,47.690747087251,21.9874125775498,60.3372485807103,0.28810966043446,73.8812610820041,4.2173306512783,1.61631510993264,19.5975723745201,0.442160804662832,19.7830523034826,1.57612934486864,53.8844960316889,1435.31330679114,0.0992466059226249,2.9247507106268,8.79550191451567,7.21500192577306,93656.3515060145,2.40961953350146,5.00312981717926,1,-118.42157094,34.27583638,303.772727272727,6133,22,16.5,624.837345068465,0.108108108108108,0.297297297297297,0.324324324324324,0.27027027027027,0.180713320941905
"21A29",34796.1034545246,68.7217295966573,32.433476330851,87.0695305530566,0.303827835772376,61.0932458792496,6.77652635880387,1.46580532080456,25.7494107129253,0.419583990066608,69.7648939831639,7.50566309813887,66.8166298376571,2090.82750271798,0.19972509132875,4.4769294895108,33.121977093261,21.9299507029703,83243.3118517591,11.3222267653088,6.44945616156345,1,-118.41131844,34.25899299,107.605263157895,8359,38,1.5,288.875409361394,0.231707317073171,0.304878048780488,0.341463414634146,0.121951219512195,0.241320123989576
"21A43",21909.511075439,47.9587499472788,24.4043993981063,60.6177883506926,0.271858640357763,72.123559947208,4.79092980906514,1.18786852956233,19.1660699057857,1.16896767011995,16.5141093552373,0.658910254455848,47.1836421956442,1567.19846187287,0.106678228407934,2.98658226190969,6.02629603122433,8.33360269682179,91701.001252063,4.62391861436403,4.35810402040048,1,-118.36169192,34.23673471,139.823529411765,6985,17,2,412.693626570322,0.181818181818182,0.303030303030303,0.393939393939394,0.121212121212121,0.319587232042315
"21A5",36589.1127014198,51.3213426901395,29.945700652385,61.8059978340647,0.169356276237641,46.3153977762503,3.94992339526266,0.93915758955667,13.3424667315259,0.13750161152868,64.0968031202185,8.17900589439247,57.2689117228679,1459.60320891613,0.192694266112815,3.22271925823341,32.7677379865114,23.4224649847616,50762.5568138804,6.3818853388043,5.11052703392252,1,-118.38288425,34.2173758,136.888888888889,10358,36,3,315.905028927346,0.2,0.285714285714286,0.342857142857143,0.171428571428571,0.28407357360149
"21A57",22890.0860111202,51.5813872575159,23.3930059046909,67.4291533585158,0.189712846544306,58.3863013508433,6.56675983991502,1.22742137532874,16.59964109433,0.341894198448245,50.2207127408575,5.5676982568289,48.9401719813858,1856.59454106585,0.232980771595477,2.7498770359322,22.9756580345979,19.1465618010395,49411.8424978707,7.23941197548044,5.61518822025834,1,-118.59219682,34.26721123,118.645161290323,10359,31,14,227.046478118042,0.117647058823529,0.274509803921569,0.313725490196078,0.294117647058824,0.453908298769714
"21A73",NA,NA,NA,NA,NA,NA,NA,NA,NA,NA,NA,NA,NA,NA,NA,NA,NA,NA,NA,NA,NA,1,-118.4914577,34.27741026,87.6818181818182,5726,22,3,219.044545668257,0.195652173913043,0.326086956521739,0.347826086956522,0.130434782608696,NA
"21A97",28746.0259807577,48.7586291860676,20.1821841075585,63.6815172795522,0.273186189944878,79.1185085076463,6.48782953583001,0.563514038360777,12.2802670078157,0.351750720076669,15.1898261257765,1.09549403916608,55.5630449054751,1799.35126016682,0.169149545899816,2.56849902574874,3.78239494285389,8.6778098013989,85907.6617535914,4.7100133891279,4.30555415795119,1,-118.49765386,34.23529727,192.428571428571,10349,35,2,599.594386707738,0.226666666666667,0.306666666666667,0.36,0.106666666666667,0.361232540698006
"2A1",22741.3257858054,51.1381463473033,25.4308683134946,65.8299494842829,0.181125718202701,34.2505370298508,3.08381324963719,1.01473363198769,19.491410461288,0.770094113297328,64.6366083254936,20.5613063548197,49.2123740687579,1466.90942715799,0.211151137509227,3.05608397781006,34.7912407901797,29.6333913990038,34126.9416862893,9.13115436607718,8.40779930005003,1,-118.28190305,33.95578755,318.233333333333,5848,30,4.5,692.457526810693,0.163636363636364,0.290909090909091,0.309090909090909,0.236363636363636,0.25847217771573
"2A17",18189.056177168,50.8088398002755,24.6858622939205,64.4933093897239,0.170471134531071,39.9612195021287,4.02411119314085,1.48939088243003,24.2829207135547,0.584335209886703,61.4783234453586,15.0910339569215,45.5199360762083,1245.13959488106,0.17220610669248,3.2587409563543,32.0304539247037,24.7839536589535,40830.737749813,7.62346465401097,8.22530790809506,1,-118.23981504,33.94789742,241.647058823529,5271,17,8,435.037489932832,0.21875,0.25,0.3125,0.21875,0.290724265651442
"2A39",19687.778196624,49.2673666870757,25.1402581424256,68.1614688767419,0.13034025399505,49.029289277821,5.58509926719176,3.65365625933038,17.9736013261985,0.203737021213137,64.2177445465015,11.5814150620681,50.0009090693945,1674.01736423099,0.259174681739974,3.00368899552383,32.1596297375318,26.6482784102996,43756.3441769894,4.63728739677677,7.02573420726924,1,-118.26539581,33.95299357,232.769230769231,6310,26,2.5,468.304371766253,0.207547169811321,0.30188679245283,0.320754716981132,0.169811320754717,0.321824023854885
"2A45",19600.4540882949,49.8729657617956,25.1655300147947,65.705135349869,0.139694361359616,26.4418639254424,6.79090286434854,1.8161854651702,26.494335225615,0.186342327694455,59.6349095837421,26.2301747157869,52.0363990868355,1519.69183466018,0.190366895559238,2.96882336891282,35.1770316695994,35.2409351250094,29916.0197534351,10.9320202501133,6.0477688551047,1,-118.28697374,33.90227341,51,6396,36,1,166.039410123879,0.25,0.3,0.35,0.1,0.328155662671157
"2A47",17314.2897713628,56.6416250538867,26.6512334754767,63.0456124087125,0.152378621697851,37.0891685889871,3.01594574051096,2.1020184756494,10.6128228093128,0.487808128239435,83.0288113405255,39.1538815830052,44.9300601873761,1133.22942880739,0.192602525544089,2.47408307628324,61.6282607088497,40.0655498344264,26768.0580747646,9.75418204619211,5.15723542447347,1,-118.45796963,34.26739821,78.6,6791,25,3,155.855167810802,0.163265306122449,0.326530612244898,0.36734693877551,0.142857142857143,0.393663274093599
"2A5",22667.8814404802,51.1885848330471,16.4235129775037,71.9070990229129,0.179371529485729,46.0064368131428,4.56212988593117,0.880992973161178,25.4595070324228,0.350650528737596,48.8984453849017,7.41925554504015,47.3955717483736,1113.20114029913,0.241034076806621,2.88490490912951,20.2593521370652,22.0962965599481,48351.6513838512,8.49968007622511,7.66583563943548,1,-118.46484063,34.23688644,71.1875,6004,16,6.5,123.013938912087,0.172413793103448,0.275862068965517,0.379310344827586,0.172413793103448,0.265574002396603
"2A69",19583.3589882589,53.9314313809582,26.3435740428522,67.2720167931998,0.142317107690094,36.9512418324128,6.50902082898721,3.01800430054106,11.1652035045256,0.307523781133063,72.4184508918457,36.552820446576,55.8656551620582,1598.61234752492,0.212002182350316,2.55866682604816,49.1717720054587,45.9610988251267,25132.0968135918,16.9992109473483,4.82072346789674,1,-118.43005705,34.31481807,41.7906976744186,6552,43,2,120.451444107561,0.191011235955056,0.325842696629214,0.382022471910112,0.101123595505618,0.336765516270932
"2A75",12595.3107808114,55.6296877650963,25.4206970278013,64.154653851165,0.103585751724947,26.0861366496312,3.4147602197427,1.44861498539546,13.6841693870779,0.029550700407889,78.0568610702313,41.035761472556,58.6700285189481,1133.99276909629,0.174134881396529,2.03307245999266,58.668895213518,45.842328090384,23100.699696225,14.3661922915005,6.5209227836859,1,-118.43019312,34.23916127,100.694444444444,5063,36,3.5,213.815784456012,0.176470588235294,0.294117647058824,0.382352941176471,0.147058823529412,0.404833202509634
"2A91",17454.3307787067,49.7700883850937,29.957050074306,59.0166755013947,0.161825431631265,32.4760759698417,3.72346080511828,1.62280780348121,7.66859722785849,0.135230964322641,85.945131026283,32.7784183923422,52.4250000365337,910.993579367582,0.17703960486265,3.80136769837416,52.4674849376238,37.7897339857739,26534.4000872032,6.36924904805075,8.57408882630979,1,-118.4452781,34.21630335,189.37037037037,4907,27,7,346.971529329486,0.211538461538462,0.269230769230769,0.326923076923077,0.192307692307692,0.282680560060154
"3A1",13890.421310215,50.3685472242602,25.7316483729896,63.9117642513153,0.204837678531621,47.6605344816202,26.6411373422312,0.784712498979456,3.12623155756465,0.11074512637509,65.5640197406974,6.31098669508307,63.7273834671186,1218.12929823977,0.182354726193215,3.04795199103549,35.9190987609017,29.2873626870083,33976.471868454,6.42470876084849,5.94212614924815,1,-118.23823989,34.06274675,184.666666666667,5071,21,10,324.160042777227,0.184210526315789,0.263157894736842,0.289473684210526,0.263157894736842,0.366583553247255
"3A15",25656.4513835115,46.2662929715747,28.1337816283177,61.4262583653544,0.140494009575476,21.0320150471686,35.3061585232041,1.51943287521096,4.21741058090769,0.0152777773121735,56.8304954934404,8.4725852079858,58.190362914553,1317.87054036069,0.147957491687755,3.36964178946768,33.2018430175898,32.5830700761372,32409.2812941269,6.42268260063133,7.96446585476554,1,-118.23613894,34.0437696,143.45652173913,7370,46,2.5,332.005602798891,0.204301075268817,0.301075268817204,0.354838709677419,0.139784946236559,0.289050106312286
"3A19",20400.4204196181,49.0531542149428,22.0013235942263,71.5226063717818,0.0678236798848162,39.2546250899009,7.59046725833352,1.25819484189407,27.3402788376628,0.390576584881886,39.13689733591,10.2579348323314,72.1466973271543,936.523568462785,0.147539774270775,3.09377488559891,24.1381586581139,59.5465746033272,18363.5671342152,3.96006248343676,6.67749007309034,1,-118.25429,34.05030702,63.5,6417,44,1,194.006652966719,0.257142857142857,0.323809523809524,0.361904761904762,0.0571428571428571,0.316709159277265
"3A31",23024.3546195213,46.606448503716,24.9648505919392,63.2483916679684,0.179321831973923,30.3873680463071,35.1003333588,2.16573502691336,3.98034686021048,0.350149583729111,55.6934323188921,4.26282543805187,57.7599299635698,1330.59966388607,0.143422994373425,3.06880451266405,29.1632458351152,21.1106861841651,43330.3488956233,8.28256585953294,6.15775666971537,1,-118.26548839,34.04160497,27.7317073170732,8960,41,1,90.0108394556578,0.247311827956989,0.311827956989247,0.354838709677419,0.0860215053763441,0.39093386758248
"3A41",12701.2832546035,45.8565261781522,19.6442970289724,64.7363795125444,0.192032704189856,28.9706932598606,60.7450061606679,1.11099422703206,3.44469619221997,0.537030589575688,28.3644045138483,4.25775716622064,59.7950759396368,2251.1024827563,0.128783670278622,2.39597531837256,14.6358997242397,18.638078455967,49025.2229636224,3.49090056189307,6.64370042683861,1,-118.25709537,34.03795936,182.85,5472,20,1,432.593801814613,0.239130434782609,0.326086956521739,0.326086956521739,0.108695652173913,0.432397253876647
"3A55",25009.3438809527,49.413094781508,28.3227498935631,61.6186747676168,0.173791249995678,20.6701587014445,26.7128707248738,2.03898078321633,2.72925451985885,0.042969490649723,68.6188484944053,4.51843941396657,59.00956710834,1453.64601933906,0.150114039223547,3.51841161194867,40.542691346063,26.5026187259036,35969.7712278249,9.50126141902235,7.23609860768302,1,-118.3157301,34.07253579,158.458333333333,8592,24,2,517.831933383684,0.173076923076923,0.365384615384615,0.403846153846154,0.0576923076923077,0.344511237120539
"3A57",21206.9532518459,48.6866125212387,38.1248372819327,56.1330433802508,0.1013164193415,29.7647247499506,16.8405692513654,1.34203287549169,18.5509982050896,0.912252453128395,48.5864480660254,7.34820762542137,71.8920315013408,1040.89949312249,0.136939831882684,3.35629329336543,35.6242922578135,51.696773931529,19816.93027177,5.78031810426413,6.64815100728018,1,-118.30476031,34.0744512,227.45,10176,40,5,498.576329572771,0.168831168831169,0.311688311688312,0.311688311688312,0.207792207792208,0.481728793319747
"3A63",11923.3229596588,45.6310768508959,23.6497674557248,63.1036015299324,0.161245551279046,22.7762105086035,62.3280535984621,1.30121206785922,6.04157254290627,0.135257114106274,27.9738126628658,4.19843820319798,59.8466719932876,2095.07936930162,0.162525395343925,1.81135045573842,23.296538643392,30.4573679492143,24348.4444125573,6.58312930869505,6.81198203976265,1,-118.29601519,34.0708672,29.6315789473684,9790,19,2,99.2052924922836,0.2,0.325,0.45,0.025,0.822673346447767
"3A73",17268.7721178966,44.4281290622463,18.893030890451,62.6273946984343,0.194873822520685,20.587248353334,70.8886591690521,1.69598080705576,3.57902326965717,0.156518200351447,24.6802752470152,1.19131082327164,55.3974308305395,1691.32598762922,0.123990186741301,2.38730619385145,17.9153345352886,16.8966090655526,42418.0776153444,5.66789229258414,8.61632250114536,1,-118.28779666,34.06705198,20.25,8887,28,1,43.8588856658699,0.26865671641791,0.313432835820896,0.343283582089552,0.0746268656716418,0.516249791191632
"3A99",20758.2213298494,46.7766502392484,30.8716961581944,59.1881495648666,0.16938475708826,21.611180181627,29.1508634534903,1.1272552364117,1.42217299574537,0.334330529878234,67.3612937219532,11.7923066592801,59.1307835679774,1587.46761398618,0.162509911953079,3.47408647819533,43.428731401358,34.0401398137778,33745.0290149947,7.15015592805495,6.22929441579418,1,-118.31188617,34.0535714,148.125,10183,48,2,322.430373483456,0.232323232323232,0.282828282828283,0.353535353535354,0.131313131313131,0.492864963593402
"4A15",28723.6897810724,49.7070310662396,29.5677760290857,57.9998246740531,0.195388041858856,40.7826794648124,2.20620396996354,0.896961579793658,21.2839204889024,0.156143903783536,72.4640863047701,7.52366583361694,54.881005017036,1032.30162351107,0.140131957095333,3.41146783955121,45.5646203839609,32.384141657675,34261.5850756644,7.28966328916429,6.7026688894185,1,-118.29134374,34.0518016,258.558823529412,7741,34,14.5,498.262386224213,0.180327868852459,0.262295081967213,0.327868852459016,0.229508196721311,0.270682494458751
"4A3",21633.3002487386,49.9579469448514,23.4494694468503,63.3169752450126,0.223592698376122,43.7905691166896,4.80545563478938,2.91461745003479,22.6845886672167,0.140524552920106,60.3134057443747,4.50652508330203,47.8601428232019,1406.42876141185,0.162731408413334,2.94449362122647,33.6148428166007,21.4653495385762,50081.0102215059,6.19314507386796,6.35037049473102,1,-118.30906854,34.04215848,283.882352941176,4887,17,125,544.480013677378,0.178571428571429,0.214285714285714,0.214285714285714,0.392857142857143,0.226687557775007
"4A53",16796.7738429076,49.8454209335182,33.1229771608804,58.1310351963904,0.157980622775458,73.2474574254336,0.626659412557851,0.495829166243991,3.14320100612152,0.119406068252434,94.6696990813499,14.4528094738484,56.6546527806757,1050.93842122903,0.15406533746217,3.72413544401006,59.5735753007253,37.6916365741105,30256.9044723731,11.8866453857008,4.63098444057428,1,-118.29223389,34.04210688,228.709677419355,5436,31,4,592.575238179276,0.209677419354839,0.290322580645161,0.354838709677419,0.145161290322581,0.325479169460178
"4A59",31958.2535318942,48.3572794806725,30.9841643150505,58.0861335843445,0.193338749994726,64.0525114895865,0.947640678376479,0.902676266227008,3.48399560740731,0.0614685829930593,93.1366815444298,7.35005977808923,57.1117302174699,1067.05665256908,0.141642339606437,3.95799770412097,50.1082861467857,28.5087242549502,38918.7397291414,6.93181650365366,5.68980712868651,1,-118.63224203,34.2166994,229.521739130435,6437,23,4,638.798934760683,0.159090909090909,0.318181818181818,0.386363636363636,0.136363636363636,0.202138705531982
"4A71",20816.0437528957,50.914260090462,31.4979486575749,58.9613602718772,0.173834524808671,64.3415891288471,2.33362086977051,1.29474097269238,6.62246659876681,0.186033890745228,89.0030208278354,11.5456568760458,55.444934933246,1263.49269640797,0.151882095165235,3.80687561751539,53.2882663024957,34.9624889710887,32012.1015935662,8.98846335408111,6.18651184767484,1,-118.57151671,34.20153873,328.304347826087,7000,23,4,628.36450298899,0.142857142857143,0.30952380952381,0.30952380952381,0.238095238095238,0.337383994930499
"4A9",35955.5814129344,48.430542775246,27.1873946674842,62.4932895357213,0.175686576982857,45.3409873349963,2.03076225576796,1.25937278984785,9.70808873156623,0.235267548473987,81.4312354810812,4.52141507786534,53.8874288644647,1134.89092130872,0.172621154569889,3.44556158064394,35.9051274707197,25.5720434707893,46551.1424768511,8.96259562846988,8.14411990325342,1,-118.59599838,34.2157644,251.233333333333,7469,30,4.5,581.620606482488,0.140350877192982,0.333333333333333,0.385964912280702,0.140350877192982,0.208562890803439
"4A97",22785.0044554147,49.1171371532255,31.9085849072639,59.2619563248773,0.169319153405063,70.4361385172429,1.27759681804412,1.02222299831914,1.31502245526127,8.58825092817977e-05,95.4970214092193,11.2029396770035,54.5301568326408,886.905334025293,0.140938791617989,3.75649024290106,56.0860406320985,30.9563538550375,36360.0250779676,7.42126661126776,4.84494946175995,1,-118.5847979,34.16188654,260.85,7715,20,39.5,421.479508773309,0.107142857142857,0.178571428571429,0.357142857142857,0.357142857142857,0.339477660192506
"5A1",22027.0142958027,48.5938337759341,28.6458247265312,61.5680648653631,0.181550831740304,34.204433111372,11.1187944481794,0.888703069583444,25.295863336844,0.8483006095777,52.4748064754516,6.81311975967303,52.8700257382986,1820.39563026552,0.174094890064481,3.30886355161754,25.2929996970196,23.7195099475806,46041.9560688444,5.50946376671458,7.03518084062757,1,-118.2937548,34.0846533,360.666666666667,6476,9,9,766.92307306535,0.0714285714285714,0.285714285714286,0.428571428571429,0.214285714285714,0.294411213109156
"5A11",26148.1955155376,48.658662229826,27.4700982188533,62.2897349761436,0.208465137444675,48.7349624480444,12.6767470157772,5.01219943407078,19.9877775167584,2.59258012606754,48.5297305530434,4.9469567160824,44.9438704003758,1291.48515607711,0.15162958749053,3.03964157136984,24.2531950941405,18.822619550565,55866.2656781074,3.73084688686537,7.0059386985531,1,-118.27052265,34.07124954,129.451612903226,6374,31,2,407.641087126873,0.222222222222222,0.285714285714286,0.349206349206349,0.142857142857143,0.244949981202109
"5A15",27868.505453447,49.3616615736469,33.7196306815542,57.9395338281746,0.19720920538558,63.1899880477627,1.4298232951297,6.13794510495339,3.95913183598387,0.935934898429152,89.0648885214722,12.4600312760315,55.1654752334995,1047.51677866804,0.152275371783906,4.12745219687595,37.8594449484325,21.1820455726024,52123.362126495,4.54118959829859,4.67400543003895,1,-118.25733234,34.06623381,51.0769230769231,7169,26,2,103.066162469328,0.188679245283019,0.320754716981132,0.339622641509434,0.150943396226415,0.25817674406756
"5A17",12118.6078556917,52.5837279191037,32.6545940632128,57.3608277120118,0.193114616853495,59.2404275297787,2.7387318760198,9.56784494098054,2.15314321727842,0.591394634104122,93.6115150501282,16.8662004101092,54.6922632643976,1093.62189205175,0.154146156994109,3.82124614801186,47.1211595493167,32.5964935173917,35570.3077727927,6.88822179900152,5.37911928681202,1,-118.27976149,34.06118671,116.904761904762,4287,21,2,327.90362986126,0.217391304347826,0.326086956521739,0.326086956521739,0.130434782608696,0.355486376925439
"5A25",15685.4730994899,49.9308938554108,37.5435798474415,56.307490685754,0.157068943154883,63.1698024075605,2.66899627770599,7.33110477598328,1.44197658749442,0.109042917859487,92.8589641702729,19.0592002410907,54.0890737284683,933.039377263608,0.144331502056127,4.27615860033397,54.0562780159437,35.3869472156308,34808.6665499009,11.7553490118407,6.74495498454354,1,-118.28050512,34.08026278,292.333333333333,4919,24,4,562.258540768094,0.212765957446809,0.276595744680851,0.340425531914894,0.170212765957447,0.315132350082622
"5A55",31145.235560689,48.313498212097,22.5880046641581,62.6749262382818,0.239995023323436,72.8357676506688,7.16331836058652,3.90626560296132,10.172816777972,0.630935924356472,43.8266337551716,2.35478283823137,46.3309862461058,1718.32360062027,0.138577717309085,2.60817424216728,17.7130043961143,12.9699429476073,69372.5490552714,3.52716041670248,6.86294114750003,1,-118.2651503,34.05418695,37.0454545454545,9648,22,1,105.291195884252,0.24,0.32,0.4,0.04,0.310480875354345
"5A59",16035.1769480659,52.3032486961442,28.9066750504324,62.7449332882158,0.152113629928479,50.8121094698581,14.3357880216638,2.58545303566401,4.87280561772742,1.09132075538807,64.0048704567105,5.17134974174382,50.6956429112692,1287.79819500223,0.139665024020443,2.88251528332966,34.072332804335,32.1042133350558,30921.0491625324,4.20456541650046,9.71842628282125,1,-118.27766928,34.05252553,148.772727272727,6760,22,6.5,316.546683808728,0.195121951219512,0.268292682926829,0.341463414634146,0.195121951219512,0.422945130070299
"5A85",33543.3674123264,49.2197150166572,25.1585007197074,60.6090454871179,0.171557760522986,74.1204020098051,8.62996853078941,3.80832122593002,8.00161215505692,0.918862792542915,43.226575500642,2.09790801670837,45.8584060361185,1547.93685787553,0.0975304664642828,2.52159934547446,14.2795541112798,12.6848934341237,65590.9672546258,3.30108626509084,5.71885398797651,1,-118.27776043,34.04445602,206,9071,22,2.5,502.427061752203,0.212765957446809,0.319148936170213,0.361702127659574,0.106382978723404,0.271081906840949
"6A15",21156.89413034,55.0826996579001,11.4816224431683,77.5527862413377,0.180514118422558,79.3111811255134,6.00095713790488,1.99050486105735,9.76175326401868,0.439084492067859,14.1687526857356,2.24780628603972,51.3257393545852,1936.65912528837,0.273895209825906,1.59899680340518,5.02314812404479,18.2671653586691,71141.0703720398,2.35689546092002,7.78953072457709,1,-118.36397698,34.02786507,119.786885245902,9238,61,2,370.107422007634,0.198412698412698,0.317460317460317,0.380952380952381,0.103174603174603,0.439525761329249
"6A31",20928.1013130534,53.6820498290171,14.3224640746172,72.3971633945153,0.228038001002101,86.4982001510279,5.86859929338846,1.83566474102696,6.9496837380527,0.656131692043396,10.2914594407266,1.14035732944898,44.5206162046754,1722.91265883332,0.172289004265091,2.10485352675982,2.36365193762456,9.18187342378282,114521.962700934,0.497445698699043,6.02718557806636,1,-118.31031717,34.03243894,153.309523809524,5944,42,1,524.593105414614,0.244444444444444,0.288888888888889,0.355555555555556,0.111111111111111,0.286026902797263
"6A45",16972.4326290957,55.7349833154014,5.12489912778711,85.2481042674158,0.104890921662824,77.839365985041,8.62873787297517,1.41074054024487,8.70403701948858,0.626869897482617,12.8153121357532,2.69524191660701,47.7441574397729,2349.84323660476,0.278870813401199,1.89505005107144,3.93024192945855,19.0108735506698,48408.4186616896,1.0806578567134,8.74303300945435,1,-118.2828841,34.03111816,86.4423076923077,10284,52,2,412.684868304986,0.211864406779661,0.347457627118644,0.372881355932203,0.0677966101694915,0.608987540317649
"6A49",21348.3108889814,52.0370309296775,11.9912702294041,75.7932204643976,0.182060658748034,58.610752016401,6.11540001101758,1.1557351697799,14.7439704125613,0.268362596987363,31.6606178592658,7.98325664292402,49.4462509870108,1968.28209637231,0.281209319545354,3.14336430804622,15.9579723163862,26.9332751966371,33641.3542953358,6.03970094600845,8.12703928755896,1,-118.33637167,34.02698567,49.3414634146341,6657,41,1,138.838865192009,0.231578947368421,0.336842105263158,0.357894736842105,0.0736842105263158,0.313748475691211
"6A63",6596.88614038983,55.403342506817,9.96408311228416,79.7426399817703,0.0988907518108647,64.2590783903891,6.2696677856684,0.657958413919271,6.56268096791009,0.100917739820232,35.5476928242945,4.87170652646476,52.428126914786,1735.94592984307,0.290315201497261,1.79863178439892,14.8716374126392,22.6911812806285,41826.7934948768,23.3556854679514,5.16859513285285,1,-118.32592444,34.00819911,92.1739130434783,6667,23,2,227.778132116223,0.224489795918367,0.306122448979592,0.346938775510204,0.122448979591837,1.01411481987541
"6A67",12173.5113407803,55.440147562924,16.5887493982615,72.7911094816364,0.153740165418699,45.2480976573902,8.91788347968359,1.24656352653846,10.3029333006983,0.43072911043433,50.122672083927,11.7913916779464,53.9948593279611,1583.57020580501,0.233818113969623,2.3277490924638,25.1685897995964,32.1112247568393,29822.5438646575,5.22480702784348,8.28062012529273,1,-118.19790247,34.09177849,126.46875,7547,64,1,375.428558027409,0.248275862068966,0.310344827586207,0.344827586206897,0.096551724137931,0.625209915770461
"6A77",17307.3633143119,52.0093784909991,22.37009032096,70.6305199974915,0.147475549929388,38.9254859453219,5.02272829038539,0.756723408249448,7.30389763606152,0.0329317711409793,63.9808851624142,20.2799519569012,52.968455479007,1289.21013134276,0.204738917028985,2.78537455833035,37.9770449668566,30.9010104834395,33242.1497524619,7.90974217383608,8.11359130681489,1,-118.29906277,33.84806296,58,5619,29,3,151.821088314973,0.203389830508475,0.305084745762712,0.355932203389831,0.135593220338983,0.326335092031582
"6A79",15834.2169628712,49.9194713376717,17.8736574645623,67.6174406268577,0.197400844159894,44.2875807815496,5.54780083239888,0.484819661003255,12.4630594215599,0.0455322769976107,55.6545087878668,14.0090417967198,56.5190398198605,1401.74961278147,0.172171761457362,2.81606963614277,32.1930093018882,27.392650218255,28924.2653923699,6.88658863512699,5.94781422138716,1,-118.29758871,33.79311944,266.764705882353,4698,17,5,643.523361018441,0.205882352941176,0.294117647058824,0.294117647058824,0.205882352941176,0.297772855522692
"7A1",16996.32663499,50.9647547661072,10.7728782656781,76.9143866482496,0.192063713264566,84.9130468207383,5.45174804625427,1.06897046697737,9.69637863497152,0.227509668732359,9.10521118658431,1.1182113324514,38.9373456223467,1490.38305031902,0.295613926165004,2.01793870558405,3.89388071887971,11.6835641192164,77790.8659480596,0.684407250802362,6.1089491212433,1,-118.29978053,33.75538693,41.9259259259259,7293,27,2,126.74290328363,0.216666666666667,0.333333333333333,0.383333333333333,0.0666666666666667,0.430681297035705
"7A17",17244.4721359723,47.5975748902397,19.7814878013521,66.2109503505135,0.26108583631468,76.4684633281607,4.09764762835924,0.246003913943235,17.1835067885871,0.159362336485203,9.24203427980366,0.962256761237886,37.6056082422525,1641.61620418935,0.194474794302801,2.22819965880164,3.25877062101476,8.60257118121726,102696.141228086,3.50609614198475,3.87069216163896,1,-118.32510373,34.12032122,59.75,5737,8,5,154.506356780924,0.0769230769230769,0.307692307692308,0.538461538461538,0.0769230769230769,0.333150238215516
"7A21",16368.2443031901,42.4974590543993,11.6882385107953,73.1609577533588,0.201887823289761,81.1416704233088,5.33532502274593,0.9668110998892,13.7488358763252,0.254059792329951,9.48239321035093,0.780883385977381,38.5299648765786,1657.14755160574,0.290689467543945,1.95959162203367,4.15193239937916,9.19426885601876,81650.3150584918,0.0221698281830476,5.09455728690211,1,-118.36831911,34.10990057,84.2222222222222,6593,18,1,339.673122377028,0.255813953488372,0.325581395348837,0.395348837209302,0.0232558139534884,0.403891821110682
"7A33",24870.0447856023,48.1403332530808,15.3059188729746,76.8901680260249,0.175483697677926,60.0426128640523,11.918674156418,1.21956900231565,24.1350774940506,0.879456043368075,11.4326718955975,0.497075089333064,47.21188336931,2103.18444122711,0.281580445800286,1.6428330601561,4.33266518959799,14.0332328498172,74713.7031940873,8.10076173139329,4.33504573371812,1,-118.31154353,34.10221749,118.518518518519,8282,27,18,201.383172922125,0.22,0.24,0.36,0.18,0.334096704353754
"7A47",15689.7739747684,47.2069898823825,21.4521407100999,65.5666322122792,0.213648392286221,41.0683484647164,18.3154111948267,1.5855457322472,27.9253710836506,0.303276388924071,31.087008097072,5.32539614369288,47.2586044846468,1409.05623664703,0.141145444448319,2.63166587234134,14.255679582603,16.7976099503375,61228.6980015382,5.96000332301819,5.47860678408795,1,-118.33623386,34.09431337,122.736842105263,5472,19,3,293.004331045969,0.2,0.325,0.4,0.075,0.349973174172578
"7A53",17922.607900398,49.1736236065608,17.5588362419738,69.2029175955359,0.212201294526026,51.6864396521907,28.3407358501373,2.51343267332892,8.74180061149152,0.308509100039242,26.0054097859414,2.72573810859988,49.7240843828268,2052.0691169765,0.17198270560445,2.31552144057127,9.24569641160855,12.1433845380112,64765.1208268437,1.97644115406696,6.87787196140608,1,-118.31821804,34.08699144,129.666666666667,5022,21,4,493.499375210682,0.166666666666667,0.333333333333333,0.404761904761905,0.0952380952380952,0.281376461953844
"7A69",16339.5111417411,49.2315718457937,25.6148059430347,64.3789653077804,0.18517325777604,28.9633923896204,18.452728685858,1.35938042165246,18.2758796607917,0.0774528816946833,59.266454274975,13.5556508655842,52.3429030660327,1309.71170989674,0.179799735447671,3.51279596674507,33.0128299077471,24.069132305466,40347.1160089998,9.2427533947764,7.07511053636924,1,-118.30723866,34.09350666,68.0588235294118,3881,17,4,151.959069566543,0.2,0.314285714285714,0.4,0.0857142857142857,0.238562828850009
"7A73",14515.7009010982,46.6458971769723,25.4079089388161,64.3137942349247,0.172975948263069,41.151027281126,31.0295022227865,1.44743172090418,4.60004517234853,0.381220856400885,54.6295229948961,4.06298026495025,54.2041420691206,1422.75273850812,0.172398270214646,2.93628065487821,21.8567912190925,20.2407921877779,45590.3604270151,8.08904846282261,6.96318305906749,1,-118.35985454,34.08213927,12.3888888888889,4227,18,5,13.9585052667198,0.176470588235294,0.294117647058824,0.470588235294118,0.0588235294117647,0.292441958464358
"7A85",15380.7569056995,48.7160207166273,24.8014175455831,65.2536906550711,0.180325471763595,36.5204379787554,30.6466528886093,1.22249427748673,4.78152756269749,0.299553471866776,56.9209017729522,7.67016785525937,58.7326061520861,1369.64524346615,0.162656467736587,3.15007756216039,30.457826140921,23.3032992020539,41861.0353849466,5.61088461760496,5.89367805698231,1,-118.33471219,34.07315399,98.3421052631579,4264,38,2,270.258162495507,0.222222222222222,0.308641975308642,0.333333333333333,0.135802469135802,0.279700149113328
"8A1",24832.8511839775,47.4379779123062,26.5545132186916,50.2887202178214,0.363594499273028,92.871608935269,2.24660933906098,1.39782353673852,8.42685827594138,0.335022606203073,5.28961067925816,0.413067251527962,42.3380068437776,1725.24289738748,0.0475780536693181,2.49542499960897,1.60479070880621,3.78279884726249,169159.231969702,0.967880466540836,2.89569526404969,1,-118.33411845,34.05367871,258.444444444444,4271,9,9,413.173423368176,0,0.307692307692308,0.461538461538462,0.230769230769231,0.17235233957998
"8A13",32389.9165462693,44.7837783782252,17.8729770515664,61.9366776234919,0.281264433811251,88.7871890220252,1.71584421556705,0.78227728596173,11.674512458531,0.103860416837408,5.83982743119921,0.466145682504136,33.7939072729714,1739.79224041531,0.200670119297126,2.28128782644128,2.15573945139474,7.18133344118712,123707.479498467,1.09544680559732,3.66237156202008,1,-118.36437461,34.05054371,116.652173913043,6563,23,1,407.420556527801,0.25,0.307692307692308,0.384615384615385,0.0576923076923077,0.203334886355506
"8A29",72025.2720552937,47.6797203756243,25.1534455129251,59.7222200791637,0.171464690676599,71.6769015602535,2.95243483589361,0.916625993674796,25.9687183642105,0.341301083111714,9.56142785250949,1.82785407577741,48.2191164684663,1429.53652169709,0.100995395314693,1.89512647652784,2.77640755179333,20.4900820423421,86817.613081036,3.94569865802149,4.43954871341271,1,-118.32376701,34.04274812,163.824324324324,11084,74,2.5,405.112578911101,0.222222222222222,0.294117647058824,0.333333333333333,0.150326797385621,0.154917845939326
"8A35",21882.2859065715,46.8659194695027,17.8734626905295,65.766302585365,0.244419615706133,76.4993857698375,3.70877983564287,0.238814352580542,21.578311132097,0.401989922591517,9.98590020232871,1.0482779652981,41.590020183368,2205.70141406781,0.204931793014982,2.28553759246909,4.19401671976058,7.93163710071256,88449.8332127373,2.62188994752211,3.45986592304016,1,-118.36285651,34.03868655,20.2857142857143,6844,14,3,48.8158684342398,0.206896551724138,0.310344827586207,0.448275862068966,0.0344827586206897,0.31340418589177
"8A53",34255.9697322826,51.3482793924573,12.0701210191164,78.4692141090588,0.171879044884353,65.1746909290177,4.8040436812087,3.43801224699965,24.4983082735578,0.741474037773491,24.1945562487962,3.89511583043099,42.0140837718486,1989.43152355241,0.347627687569494,2.09735411670553,10.428344857953,13.9324404898915,68458.5361914568,0.555942035447276,4.43765058539158,1,-118.54585258,34.07833683,83.1612903225806,9305,31,2,225.331621804278,0.205882352941176,0.338235294117647,0.382352941176471,0.0735294117647059,0.272536438844463
"8A59",18451.1436026392,48.2008496177492,16.4725490837966,68.8410809667563,0.152785125011713,72.5935960371362,11.4236258393737,0.392033527664854,9.92887972368095,0.162865582479216,24.0137575919651,2.06825729017319,50.9416678442285,1703.4232276471,0.18280673747608,2.45496924490651,12.9900053614177,15.8818950134025,59204.72578445,2.30651834873665,3.64729338811009,1,-118.49518914,34.08871819,146.933333333333,5294,15,1,285.835733711981,0.242424242424242,0.303030303030303,0.333333333333333,0.121212121212121,0.287732842707951
"8A95",33602.570633409,48.7093448292977,23.796668043954,58.7146875127948,0.271944037795564,81.8501797123523,4.85854448018196,0.739988700367962,12.8159126261755,0.557982901332048,14.3251062978389,1.71632772015459,43.7781868160487,1656.39793663416,0.146630690017892,2.61561271777375,6.52780338526266,8.77607042391151,103448.642960923,3.50495504448099,3.52012464231104,1,-118.44169468,34.09799879,241.033333333333,9541,30,5.5,546.243502815197,0.196428571428571,0.267857142857143,0.357142857142857,0.178571428571429,0.28482939904854
"9A19",25351.7807447686,49.4857185414853,27.1300718259114,63.597774853594,0.192699327895933,50.4045166429234,5.35492745381096,0.749848088335955,8.07128954549694,0.230851167352166,55.8684891677952,8.54634121833553,58.0614453356646,1350.78357642029,0.163781118430312,3.31095415119897,27.0802701480895,27.0521786963589,40317.9324887935,6.73520445454198,6.60077341382737,1,-118.45290694,34.03862104,267.727272727273,7342,22,34,510.503036865943,0.179487179487179,0.256410256410256,0.282051282051282,0.282051282051282,0.290472692002891
"9A23",27641.7124060391,51.1172321768782,26.6435456554761,64.5723987368866,0.181646917266215,53.203296876859,4.46702336191906,0.841148457363634,8.13571693674889,0.178810628556692,63.2920651255735,8.34187857147977,57.5414643671183,1335.36338624105,0.175225388873195,3.08357625761747,30.0719976176598,25.6941797776674,38743.3045403458,7.48036895981759,7.7212739739454,1,-118.38072289,34.05012108,107.368421052632,10141,38,2,337.502305982323,0.192307692307692,0.320512820512821,0.358974358974359,0.128205128205128,0.368247807895437
"9A37",24231.9359176905,50.6398840915353,21.020853437623,67.2489120447829,0.227935760555966,73.1940405414582,5.76800979890982,0.983364784483893,6.49574687372356,0.083337180137734,31.3186489090999,2.59647307538305,49.862215189666,1639.41891635268,0.177294375325987,2.55485950068747,13.7071857936543,14.4884777539237,62089.4413324202,7.951826197034,6.03379701368467,1,-118.40141517,34.04363089,178.388888888889,6218,18,2.5,483.054879221677,0.216216216216216,0.297297297297297,0.378378378378378,0.108108108108108,0.257346339193948
"9A41",26937.904707612,47.3388797141155,25.7735524072592,65.22638922274,0.18020184360943,65.5209416588434,6.51223692832879,1.22471718066667,9.63922783954644,0.000185059073074824,46.3327579979067,5.3576560408447,54.0749070933596,1711.59357162392,0.197785123750639,2.57701385116258,24.5930677032641,22.6124496053071,50809.1343767057,5.72502159383135,7.34895083157101,1,-118.43540447,34.19350496,110.178571428571,9907,28,2,381.717663121088,0.214285714285714,0.285714285714286,0.375,0.125,0.368811164336498
"9A5",27951.8903820299,51.0499175101993,28.0540868760041,62.7836295335581,0.176626830186311,40.8608354664066,5.5783317913402,0.697373211155805,9.23053818090252,0.245859954978375,61.2122947362431,10.4168977519158,55.2366407290667,1567.11730688618,0.164736552472348,3.03816684240178,27.3466877605241,22.4510874017626,41139.0917428477,5.39573916137196,7.6443639414102,1,-118.46186649,34.19177,121.233333333333,8715,30,1,370.736795131489,0.235294117647059,0.323529411764706,0.352941176470588,0.0882352941176471,0.312858983076941
"9A63",28137.4654002125,48.1524901401478,16.9932648237899,69.4468495409245,0.235572668350223,83.011958527612,8.83135962174316,0.908840111547818,10.6154716427205,0.470076622457524,12.5401696952655,0.496472224575307,41.2965611245903,2185.97313217069,0.210876281009279,2.17072681384846,4.20191078654812,8.30676225838002,73508.7506465612,2.03096257488134,6.92574673089644,1,-118.42460582,34.17420105,153.208333333333,9577,24,4.5,430.594531273121,0.195652173913043,0.282608695652174,0.326086956521739,0.195652173913043,0.341217656368135
"9A89",27506.8622021626,49.2620903046358,17.8365764272414,66.8688237397008,0.272455447563844,86.0219962643133,4.97967842427198,1.25714364217298,9.56877548339198,0.421549523359138,9.64309608767072,0.594474286307093,43.055193236063,1732.09338541648,0.17609381435567,2.33751685722958,2.79307991828928,7.45729343124887,103372.970240648,2.51375896715982,6.45842953709411,1,-118.44212956,34.15973242,25.1578947368421,8056,19,2,70.0017961340158,0.205128205128205,0.307692307692308,0.41025641025641,0.0769230769230769,0.293563109476192
"LAX",1468.68224192835,49.7465585864473,12.0313149168589,75.8818006058303,0.207098118067623,72.6789149203376,8.30723909453341,2.07446796384926,14.2050656020326,0.292293982967245,17.6993311810455,1.8115542340175,37.8295680217379,2889.28192564092,0.291518780380542,1.81765652559384,4.23935818629431,7.95566569275356,78973.6863147306,2.93684519494674,5.83694457677516,1,-118.44239985,34.14128308,1,4631,1,1,NA,0.333333333333333,0.333333333333333,0.333333333333333,0,3.15384762460141
