"Precinct","Shape_Leng","Shape_Area","R_CrimeCount","R_MedianDiff","R_MeanDiff","R_SDDiff","R_1DAY","R_1WEEK","R_1MONTH","R_MONTHS","NR_CrimeCount","NR_MedianDiff","NR_MeanDiff","NR_SDDiff","V1","pop.total","pop.male","pop.u20","pop.20.64","pop.married","pop.white","pop.black","pop.native","pop.asian","pop.pacific","pop.latino","occupants.1.5","rent.35.income","occ.units","pop.single.hh","hh.size","no.school","poverty","med.income","pop.no.insur","pop.unempl","lan.english","lan.spanish","lan.yiddish","lan.russian","lan.polish","lan.armenian","lan.hindi","lan.chinese","lan.vietnamese","lan.arabic","lan.hebrew","lan.african","city","x","y","crime.cap"
"1",79979.3433039,47182078.4315,23,2,584.826086956522,2270.45937787076,0.391304347826087,0.826086956521739,0.869565217391304,0.130434782608696,35955,0,13.5680433875678,137.726290025039,1,50127.0292047814,49.1238146024045,17.6344425405112,74.8901082645267,21.3715574304541,78.6563638964683,3.5425198907649,0.381555115683546,18.9633730065468,0.0494285745480829,7.67033533408594,3.79759914653787,28.6243368178062,2942.39855033687,28.7274480434912,2.125193365596,2.91762628664043,7.09744436019534,122285.317834922,1.29326879059743,2.90734300328244,69.6151900757415,4.45068348344442,0.186719147003474,0.186719147003474,0.0835704797425612,0.00799840163274625,1.0734656473104,4.31833700424321,0.0813543271386235,0.295937996275523,0.439610456523563,0.212215294747328,1,-74.01205358,40.70974422,0.717736529987064
"10",40043.1752513,27228634.2373,46,1.5,204.891304347826,676.787944082959,0.5,0.695652173913043,0.826086956521739,0.173913043478261,23906,0,13.1836359073036,149.091791111657,6,47094.9793806484,51.9002512623457,12.3880366043006,75.2244462259313,18.4769115673826,72.2679222780718,10.0752526682938,0.857973748405449,14.715155651297,0.00703334965396193,17.4044140959083,2.54835400409556,33.198871616699,3476.32374017071,24.9581189511348,1.78436764689862,6.97572870092847,14.5669228527903,94170.6442210161,2.36591416319918,4.21302802930559,65.0762757697334,12.0229400547777,0.00817648551901248,0.00817648551901248,0.345193035875169,0.0627123440953943,0.479707823701073,4.91592079976306,0.15335010219415,0.433792922575059,1.28956634161159,3.39211998267023,1,-73.99714595,40.71641499,0.508589244862097
"100",283995.945115,205185208.374,30,13,952.833333333333,1856.93421946021,0.366666666666667,0.466666666666667,0.533333333333333,0.466666666666667,16166,0,37.6076951626871,2878.27181686836,58,36149.5596801736,50.0743169020973,24.3117110330229,59.3755849647912,23.3645920766163,64.6659760290408,24.041383019971,0.948809367122439,5.61820939611175,0.0453542016549693,16.8648940831171,0.725981168326524,40.8931822099824,1685.66162576236,11.8186659141763,2.55338321698341,14.9821819071151,11.4596278391746,71083.9687840519,2.64177453710716,4.59261486916588,66.508632323341,10.8309741751894,0.103236443643079,0.103236443643079,3.04293207451828,0.00865562029157759,0.0660574678015404,1.56659326099681,0.000989071819115353,0.0154400144693927,0.222365493726165,0.857776141704682,1,-74.00238132,40.7336619,0.448027587148808
"101",78292.5943906,84672755.2813,85,10,690.282352941176,1898.12230282208,0.364705882352941,0.482352941176471,0.552941176470588,0.447058823529412,26266,0,10.0984162034569,129.697427114784,59,62424.0407756049,45.3598361404151,33.1654331391982,54.623506091416,17.1014655590399,38.6576096867451,49.5721524043876,0.815175367995906,3.41145700339219,0.187283831237589,28.2079789462524,3.05360601940804,48.6105606692961,2118.712561274,13.1704745575454,3.41489200681439,29.1828512029886,23.4120073923861,43214.0781695663,2.09540937808664,5.95134178224681,55.8816257450844,20.9143597086295,0.685588186091441,0.573642188178233,0.140334928494203,0.00761802934170609,0.0299432912036691,0.781018475089279,0.0203371619943526,0.539153007591666,1.31944131685359,2.36527441414942,1,-73.98394596,40.71543855,0.422129033503673
"102",52865.2810669,133314470.842,84,15,533.738095238095,1192.85471215668,0.369047619047619,0.428571428571429,0.55952380952381,0.44047619047619,35846,0,13.0130279529097,174.804059201415,60,156696.867390383,49.4309518213467,25.3762937294919,64.22193054774,23.3944741442112,41.2291785712515,8.56620269538573,1.23841201582549,28.4436469966784,0.348388971440066,41.5520608856175,2.58410526547517,48.6305096254378,959.73168634378,15.8063945287573,3.60981963656424,23.6838814829935,15.1544603680876,62202.4985525455,3.35147745810289,5.18974533233441,37.0619737459404,31.6308063638781,0.0620054373274795,0.0422220178530902,1.23183843194744,0.0277451587179386,1.33351111893305,2.97385801582589,0.161980634908308,0.609926545517746,0.308838859109993,0.174068718528003,1,-73.98338743,40.72626544,0.229296223966537
"103",48549.9379817,100921594.951,128,4,277.2734375,833.305557997584,0.375,0.53125,0.578125,0.421875,47467,0,11.6043567109782,206.925667085743,61,109286.31533292,48.2520091701718,26.5623464048815,62.4302667695586,20.5915951742366,11.2263428930472,42.175502469201,1.34521035252313,24.0312868795222,0.478989875345407,25.9931146432086,5.58052170592566,52.2803974240521,1356.06196995361,16.0965756605328,3.48937859796613,24.937624662383,18.851881750454,50093.7213427333,4.69219371211686,9.34811277899736,51.3645935635205,21.1024664309205,0.0256641102145931,0.0256641102145931,0.0202142702956784,0.00827348066623415,0.307615740223506,0.573777583057643,0.16857660825987,0.215493966014804,0.169286944026465,1.03206498911669,1,-74.00168798,40.75053874,0.43550740872735
"104",75785.9455075,210504683.703,75,31,606.866666666667,1880.55420478037,0.32,0.453333333333333,0.493333333333333,0.506666666666667,40625,0,21.5208861538462,366.813846930193,62,174309.587536737,48.7178719227164,23.2388898479487,64.2585549278973,24.008162501124,81.9550139466185,2.73753204212149,0.529568464253386,9.39567559128091,0.145472495829267,35.7514749902179,1.49375818603531,42.1091095885149,1167.7690742221,16.1363655563001,2.88000629201551,16.6903849969792,12.5288959264109,64109.1228563754,3.41829478714401,4.21995359513197,43.4294833805072,23.2915638325979,0.0336750636144672,0.0336750219733837,8.42970766806474,0.150864763801691,0.12508658395179,3.64346175213948,0.150423428723708,1.09368204856728,0.00980467346577022,0.0189533710868494,1,-73.98443922,40.73804006,0.233492606890726
"105",133234.881924,347328139.609,104,8.5,416.240384615385,1174.71645407709,0.307692307692308,0.5,0.586538461538462,0.413461538461538,43033,0,19.4810494271838,303.976020601098,63,198102.218887564,46.2757472459567,22.0972669295719,62.4843057247564,24.275507230232,18.3522109078249,58.9544052759176,0.84285467932528,17.4954448337043,0.331479094915117,11.7946778468838,0.759046960196252,43.2011343110858,1276.98260254054,13.9511908645808,3.21632091288731,12.5628741672803,8.79912762480239,77971.0648502196,4.51271456629383,5.36671778172635,62.3526200303221,8.88867846974523,0.0619612572198974,0.0574516482415788,0.068150342309579,0.052969503415061,1.57308227988783,0.933470625410886,0.043715504817751,0.295717793270396,0.0871737508906697,1.09494590411236,1,-73.98713822,40.75203431,0.217751220769935
"106",106986.706883,172508228.167,61,8,460.950819672131,1055.72203453734,0.377049180327869,0.491803278688525,0.573770491803279,0.426229508196721,35897,0,22.6906426720896,1936.19785868375,64,132093.458438764,49.1510810867751,23.9690017670061,64.1120762236167,24.6546307191378,34.2228086540119,19.2424521129938,1.76560634616414,24.8786198476994,0.91614991933062,26.2158923080195,2.09688355291275,50.6519339413579,1360.91486403747,13.5481921418676,3.5572004444174,23.6987854370818,13.9090814305355,66415.8237926269,3.17496946366053,6.68028610253819,60.8320263228584,19.1317540768441,1.59711236716788e-05,1.36706614356994e-06,0.491802203052766,0,0.492263713542696,1.23240603091059,0.0259121237570141,0.493866712060463,0.0329452998326509,0.0568737291564582,1,-73.97112551,40.75127736,0.272216356699219
"107",69289.8837732,207501246.614,58,2,605.258620689655,1619.22588782466,0.448275862068966,0.551724137931034,0.620689655172414,0.379310344827586,28271,0,18.4677938523575,355.296548390804,65,160601.979278519,47.4309809334929,24.0833128394955,61.8789208394483,27.0935672048405,42.4730093506749,13.4382793315816,0.781786444561185,36.8510127874794,0.130927879798604,18.5949812168829,2.67976250321314,48.7000783586153,1915.42460527767,14.7953365090523,2.99760756245808,14.3639603600908,14.4751958087125,65246.3834346261,2.85716910936525,5.79983014073987,36.0166077285811,13.7244977422187,0.293638802437905,0.212866466882917,0.444594515375567,0.0567644628764248,1.06412799858895,10.598606910584,0.112690340970068,0.889049631366926,2.36791776593535,0.425923021128784,1,-73.98500434,40.76329703,0.176392595703141
"108",73560.8890093,139601011.656,54,4.5,326.425925925926,972.422972685102,0.388888888888889,0.537037037037037,0.648148148148148,0.351851851851852,29826,0,67.3870448601891,4221.2670561052,66,119736.043640344,50.8991475171126,19.1725308092345,69.9382429110148,23.0079144374381,57.3227766549573,3.12350425875231,1.23615856773475,33.2064446330432,0.385665682257044,35.4605034619691,4.96860825407708,45.0639718757347,1956.68036892766,21.4774886305905,2.6917600785438,20.1640290430217,14.0502763399914,63185.526581622,3.56161937740339,3.82337136625254,27.226013238005,29.4730269561437,0.00420412829896326,0.00420412829896326,0.710415494752149,0.636406463434487,1.52221948765062,7.39577874545735,0.157485344605777,0.823443943371344,0.23200791360446,0.0360371515710907,1,-73.95652002,40.77278741,0.249548916863762
"109",132333.980989,322683809.429,69,23,631.072463768116,2144.20418062301,0.246376811594203,0.36231884057971,0.550724637681159,0.449275362318841,47278,0,42.3635940606625,3344.29767219883,67,229802.850332434,47.8147703791194,18.9132919047382,63.528498028576,30.6789049309495,33.2120408903406,3.39238642926385,0.648243733721949,55.6481060983104,0.236375626438101,16.8873687618532,3.68217107789183,53.2953203111602,1805.89531873677,14.4236829966541,2.9177595072817,23.1124119642488,17.131140463076,53045.1202708583,7.47578183026254,3.52860434480642,24.6311421642493,13.5330170514954,0.0497145236627101,0.0454130469450044,0.400339696260713,0.183420499031621,0.845683320614375,32.3169162417379,0.213379309245626,0.369936544835142,0.122890411770935,0.0223641637230419,1,-73.98169683,40.77939053,0.206033127663593
"110",72812.6108644,112103959.243,121,31,586.95041322314,1443.46839159043,0.322314049586777,0.446280991735537,0.495867768595041,0.504132231404959,40224,0,11.3861624900557,121.825448454165,68,168670.018403322,51.6012392031773,24.1511197398372,64.5487264705636,21.6980804690216,37.5295557630012,8.47533971352384,1.30617502892987,34.7124459392691,0.159485685775774,51.4017349161026,9.6666530661492,55.7281916087176,1826.19793808606,17.7407140808361,3.31037352290262,31.4206750360393,20.6013498120828,46187.6376317627,3.32808916012715,3.90326561169018,13.643697999337,45.8133584035847,0.0207264955128348,0.0207264955128348,0.316916968503254,0.0615288681547754,0.850106338793558,13.6679033685266,0.0713495081036609,0.307958077856826,0.01740460555429,1.01723843846222,1,-73.96555533,40.78247566,0.23919485147341
"111",97451.1036191,260157155.656,15,3,539.466666666667,1355.9795545586,0.333333333333333,0.666666666666667,0.733333333333333,0.266666666666667,17326,0,22.1818076878679,248.358783588612,69,119281.073097732,48.202499848689,20.5749801558196,61.2890300297843,31.3517453102946,50.6502555018763,3.07625179818108,0.669519639285674,44.5160089078899,0.32434078914637,11.7142883697507,0.704194369668115,43.485263132513,1397.33904679648,12.5488477023032,2.74619519236945,10.7825562781612,7.50109208558162,79823.320826273,3.08014405636259,3.6076974285832,39.7438804398813,8.27312183578821,0.0678444983094268,0.059006176243799,0.523712690972451,0.329496469557603,0.29136701912989,20.5623080686093,0.0879091891473435,0.259132321447835,0.240084556867441,0.11464268217388,1,-73.94453596,40.7911915,0.145379309136428
"112",41644.0361561,88945075.9453,29,7,394.689655172414,684.020890629617,0.344827586206897,0.517241379310345,0.586206896551724,0.413793103448276,20628,0,13.875993794842,128.505097301955,70,114283.372825657,46.6972168442276,18.7668758681374,62.8953651395243,28.5873236590921,64.5558033709848,4.22925664804913,0.968423382263229,28.8322434481951,0.271686504414228,15.7475543014551,2.78332775662779,44.5893423011908,1945.23455793678,15.3292848099348,2.24667585429841,8.12909056117844,11.7128592489426,68511.1636050608,3.08319406654464,3.69553707487177,36.5984219431787,11.3065443340319,0.149927146837677,0.117551483110566,0.909115045592051,0.26412775587531,2.82777524269971,11.6446599716458,0.106487226561395,0.401017922155715,1.77465072854248,0.22292556347973,1,-73.97007366,40.79561213,0.180752453215683
"113",214242.997647,389637204.164,91,5,342.824175824176,1004.19869208579,0.384615384615385,0.56043956043956,0.714285714285714,0.285714285714286,49848,0,11.5767533301236,115.598253329035,71,135622.931393666,45.3525942239314,25.4613446575939,61.2546724688037,18.1053674517059,4.36481508096756,85.9681042841012,1.11325969532569,3.71791775879434,0.24481578125321,9.41807537653496,1.36849331446627,47.3305199978718,1455.18031154152,14.1217258162137,3.24505993591037,14.3428392423306,11.0445520297264,65543.7297118538,3.1295290343717,7.07748944753979,78.6658030424475,5.86207093086076,0.000193526319127608,0.000193526319127608,0.0229722757297777,0,0.128703482825245,0.190181887472179,0.0309688088976292,0.113016953040683,0.00521515888735114,1.94333003586035,1,-73.93040596,40.79664779,0.368219441113867
"114",113660.113185,180006200.205,116,1,363.258620689655,1488.36159188079,0.517241379310345,0.663793103448276,0.71551724137931,0.28448275862069,54305,0,24.9381824878004,1632.6031496877,72,187213.376993693,51.3918690872466,16.4137301124924,73.5318903812675,21.4368740869487,65.2346260814749,10.2555385837339,1.04975128005574,18.1775877947749,0.205197064693977,27.4535592188797,2.41967657125826,39.7011378943173,1619.93451742777,26.5654793939061,2.48072107396261,18.1920974176677,16.157093379381,58265.0760984457,2.50173616673706,5.31263076296924,42.1839564204084,23.1606630827529,0.0494429497461091,0.0352115039194857,0.536717062806844,0.116108127572399,0.345722448351916,2.65229482125379,0.216339818601871,2.23949029181424,0.220154341876869,0.143806700958763,1,-73.95890074,40.81198433,0.290689697893935
"115",58272.2043476,113293878.523,153,11,239.457516339869,598.299399030814,0.326797385620915,0.470588235294118,0.555555555555556,0.444444444444444,47589,0,15.4625858916977,198.278063752818,73,167333.153307725,51.1934405102763,23.4648904387092,64.7940466231129,20.3873832809976,46.1852656421521,7.38939658173926,0.967444039912597,19.0387862498532,0.30587661356383,64.7932482384637,7.83372943829745,53.7198704147898,1781.70135128647,18.1234053866398,3.34861259268788,29.4257526047325,18.5171684980769,51051.0763707491,3.47087315081786,4.33478308439318,16.0325437400493,58.6573540543752,0,0,0.29968356545713,0.0107685809138206,1.13895292353626,3.90910639132353,0.128447364645789,0.705030190175699,0.0717274900188096,0.128369282812358,1,-73.95103617,40.80462409,0.285311063924091
"120",96171.7340003,232535269.127,132,5.5,332.378787878788,643.404560089185,0.348484848484849,0.522727272727273,0.545454545454545,0.454545454545455,51956,0,11.0032719993841,175.565064345848,74,108150.889224732,48.7909740811859,27.731932824369,60.5770526331012,21.9386561584067,60.1648210842649,27.4163706270153,1.11422035964483,8.10340845775668,0.232430362746926,28.5238201504891,1.81425177317533,47.736331013124,1659.71862523701,13.5713220573088,2.72334069192042,15.4627434527814,20.7518001077853,61261.5349219475,2.98717831433401,4.22696603340315,62.6060476265291,16.6146027387075,0.0204601110418074,0.0148800807574302,1.09511123544629,0,0.182342678124047,2.2696041745008,0.109210001904968,1.01571603901956,0.0414799824008582,1.0320906169731,1,-73.94955811,40.82607932,0.481623409417964
"121",138115.721207,475716087.709,47,3,121.872340425532,318.047208488004,0.446808510638298,0.595744680851064,0.702127659574468,0.297872340425532,30085,0,11.7564234668439,135.408810546603,75,117855.045888493,49.0742424003645,24.8824163798812,61.5256944884424,26.5551387648559,69.288189784026,14.1952347417888,0.43931055729764,13.6308057749878,0.256087266248801,22.0116423480101,1.39260892862485,47.5989195311593,1788.52760647898,14.5090773615947,2.84857215224422,12.4755981798479,14.2685136850825,72350.9928321171,3.08679806288872,3.39542771196416,60.5293600696361,12.9280063560521,0.0597008864329776,0.0597008864329776,1.02534363278957,0,0.822148709837671,2.82094675991218,0.194334685262183,1.96610031983086,0.757116653188704,0.986302682305563,1,-73.94067199,40.81926624,0.255670003544091
"122",154880.438293,454798513.218,31,4,187.709677419355,389.800136270575,0.419354838709677,0.516129032258065,0.580645161290323,0.419354838709677,35368,0,12.9292015381135,135.057814462533,76,135839.682330643,48.5959808485642,23.1029005202153,61.8012775540007,29.8335285858463,88.8437076164942,3.51782534680157,0.498500811093934,8.53394448753899,0.0391285579581329,12.4066643489793,0.729913215198189,47.8441925306963,1861.00767598592,12.2099745131104,2.68780873865213,10.1047256870411,9.78335374071093,82433.1973742009,2.44164186754126,3.96928880857584,67.0697422811057,5.94059577317183,0.0554255527314719,0.0554171867922905,1.26213230848542,0,0.235601471272202,2.9651845294918,0.054749714509179,1.34671865135072,0.0187009238218269,0.0924008664596106,1,-73.94045526,40.84108032,0.26059395452528
"123",120834.97483,460864352.981,18,2,55.0555555555556,162.654622263835,0.5,0.777777777777778,0.833333333333333,0.166666666666667,16800,0,14.4444642857143,119.212749963521,77,100712.345180318,49.9141701898874,24.9193741026257,62.2434052530471,30.0708818845305,93.6918578985416,1.33166202481107,0.377856111720061,5.61251390396573,0.0422088783854673,9.7912372600714,0.686916181672306,36.5032183528736,2238.74896617465,12.2430213435021,2.67639213599056,7.62479314440634,7.42580324385572,91188.0522966731,2.06729835331274,3.1703612443605,76.3568860700573,4.25724248534973,0.0403577554713872,0.0232122006498127,0.322342747210242,0,0.0941144861123202,1.66138811230927,0.0860152787934192,1.27822207054977,0.334929786688365,0.00158800649370066,1,-73.92708302,40.86207717,0.166990451566674
"13",27719.1716689,29508893.7429,42,2.5,8751.57142857143,56354.4205962467,0.476190476190476,0.69047619047619,0.761904761904762,0.238095238095238,41851,0,11.8900623641012,147.252259694417,7,80134.1347578728,47.1787349323529,12.7683340919328,74.5895365311966,19.460845076621,79.3893327465941,4.51269103150701,1.22329957583102,16.3827906078102,0.0198229146244903,10.6582064029627,2.89944114441494,30.0089244755896,4124.842092331,28.2976166344011,1.68911118184487,4.13643147811699,10.4613393739377,113545.376112503,0.194321342057353,3.38700837970075,71.7827736715919,7.78719432988683,0.0948495534882457,0.0337021312283442,0.235754619816554,0.0230490249031357,0.63764828320851,3.96743878752196,0.166708108389886,0.516793632672463,0.654950469345857,0.0744623090548408,1,-73.91646993,40.81090889,0.522785952909839
"14",20974.7092434,20510163.8342,22,2,867.590909090909,2769.69162215186,0.454545454545455,0.772727272727273,0.772727272727273,0.227272727272727,64860,0,26.0351063829787,2484.35771976926,8,24467.5406506239,50.4073049015608,9.20386970089155,80.0475194786662,17.3187989725229,67.831583370141,6.67860167017966,0.576741495313386,25.5260036725842,0.186584641331925,10.2733966951711,2.40559613847112,36.7534092661847,2324.5542745993,29.9256387020355,1.68584589174659,4.58820598696861,14.1839239386752,101501.578227319,2.44862455916059,3.92139902751138,62.9854127899164,8.53203010553797,0.00815599159450508,0.00815599159450508,0.609557030024565,0.0247593959309165,1.15190780368191,5.44306944168149,0.220151329552556,0.39591487714336,1.44536464486802,0.434531033033171,1,-73.88777595,40.81344744,2.65175813648216
"17",26622.0028113,22269687.0466,27,1,828.037037037037,2886.10542055821,0.555555555555556,0.703703703703704,0.777777777777778,0.222222222222222,19219,0,19.5775014308757,313.686190626228,9,62635.715558731,45.5224116461581,9.43079547389455,71.7862651039314,24.0198587231438,77.3154144567499,4.36605239067541,0.30629463570315,19.8024806587057,0.0589126790307524,6.51474031251794,1.9830097842882,35.0032823398955,4122.67945706174,29.6936805192915,1.6639813435327,1.86646929263981,6.87225986927836,115171.003199273,3.67214730784252,2.61836496277277,70.4156406210723,3.96078281927667,0.0185388605442666,0.0185388605442666,0.178427719524668,0.0686554534860225,0.569834853782017,4.33932104096301,0.0504014139426173,0.585800361194333,0.964517824101756,0.29227581051434,1,-73.8986401,40.83255501,0.307268781530145
"18",42179.9057771,32280333.9033,29,17,319.448275862069,680.283007610325,0.344827586206897,0.482758620689655,0.586206896551724,0.413793103448276,48416,0,34.6811178122935,2882.43053849861,10,49948.0591701922,52.0851380679807,7.40758752282391,78.4679222622458,18.6550522994118,72.8114404210827,6.37881996005716,0.974575719718422,17.9544465912547,0.176203754427015,14.8132256622567,2.51384968489351,35.5864180228983,3491.70235878924,28.3788641624734,1.67814528133702,4.76484594092453,10.9193845073393,101438.809978316,1.00703156680751,3.93022184888935,65.1244670969638,12.1225181975946,0.0304560383163983,0.0304560383163983,0.550398836199031,0.079061838873347,0.950425632715108,4.12518017194165,0.312321488543828,0.635341390008473,0.533517114294755,0.302352055423725,1,-73.86152235,40.8247404,0.969907556065978
"19",30152.6566315,48744682.0537,42,2.5,157.904761904762,425.494765639399,0.452380952380952,0.571428571428571,0.666666666666667,0.333333333333333,37161,0,49.6996851537903,3277.909404903,11,189948.463091965,43.7968734625206,15.3729722839198,64.606234632684,28.2427833882797,87.3581805582594,3.05657173773435,0.326646717726112,10.1319975082537,0.10277677671083,8.06483397488487,1.27114521698894,32.2720084812236,4777.36338518736,22.5208814905405,1.90402160091358,1.97573418215654,6.11763931918899,122542.86048364,2.94562326848772,2.69779362369338,71.6716702163048,5.74869824184413,0.0224479497222361,0.0161342813237689,0.166692722658551,0.042116687025184,0.321262014699039,1.85871398554291,0.0539147126530805,0.349708114147993,0.693216844932386,0.0862480493319022,1,-73.92079809,40.83380528,0.19585838913573
"20",27040.9943824,27671000.1457,30,1,97.2,461.75007421167,0.533333333333333,0.733333333333333,0.9,0.1,24017,0,55.9150185285423,3349.5058970782,12,76526.6363721345,47.2883246925277,15.6258979168259,68.5434149659814,27.0012083143194,86.570948372122,3.97614706318038,0.464663460842215,11.7761456465653,0.094891728324072,9.43420785167283,1.32535041280811,32.0509863713337,4265.39699179494,19.8374005748764,1.93168151483926,3.12832269890132,7.16334850483865,127750.837164439,1.15599112964203,3.23908671136617,72.3155461324258,6.20289004018248,0.161071520207661,0.161071520207661,0.587064243966753,0.161323649938141,0.475844443555771,2.31208629079644,0.0604306678220642,0.389462711695585,1.40339035972268,0.043378708703797,1,-73.81679081,40.84885248,0.314230458046843
"22",32701.3491697,38301388.6636,NA,NA,NA,NA,NA,NA,NA,NA,2363,0,8.57723233178163,235.817565229448,13,86.6625680183851,43.9498779501578,18.9805962922301,62.4985787133275,25.1668545445488,72.7871742131592,14.487762172739,0.374002617263478,13.4588614711364,0.0119134561252466,12.7583371073648,1.06390732447277,27.6833237877156,2484.73308582446,15.426262211651,1.71415425248445,3.82932109670822,13.3676614180161,131547.610780266,0.707481244675265,4.6228731895975,59.1974801506811,11.8095699681187,0.351260345089259,0.342874101908443,0.24125699867113,0.778760002239779,0.475981999556676,3.30239293068347,1.17499110315123,1.31080957319689,1.30862404807599,0.310408729401078,1,-73.90957378,40.85274739,NA
"23",19438.1120876,21467730.8345,85,6,601.988235294118,1491.87081732107,0.376470588235294,0.517647058823529,0.6,0.4,37976,0,20.8956709500737,1880.80215166569,14,67723.3878510702,46.0285949111799,22.5346549832624,66.1321118626779,14.9431408755461,40.5100925109146,27.2062144494238,1.01849855214378,10.5731550115293,0.30437156815715,46.3018167670089,3.00972808837601,38.9249346663277,2488.58461336899,20.498937904579,2.33036327701146,22.6288578737184,28.1455534470454,40071.7813890702,4.90669670203725,6.09566037302029,41.5031753646374,39.4161960770551,0,0,0.159062475002843,0.0163342561157056,0.382196664541204,3.767886728842,0.0118987500876576,0.15667823588312,0.236986823040303,0.402510887853489,1,-73.85232388,40.88693601,0.562006733681126
"24",20706.9190759,25479873.3684,40,3,105.125,279.005853031152,0.375,0.65,0.75,0.25,28266,0,14.4095733389938,195.179084205647,15,82846.6256749468,44.2534604668399,18.1304209299699,63.1579476285491,24.6267745310924,67.6637624996504,15.8082304965544,1.50266265639768,9.83493738498309,0.338965880084145,23.8233226011334,1.59100338194593,34.7126139919198,4302.61062783011,16.9524438524962,2.17262210422624,10.8975035316781,15.3995013870921,82189.6482120977,1.72172144539876,4.8523456393655,60.441800067057,18.6932573732155,0.193636832877996,0.193636832877996,0.197011761845226,0.124325458557954,0.373565343781262,2.54563722643091,0.0285964405662972,0.47346348966181,1.5819877027987,0.133976315240507,1,-73.8876233,40.849877,0.341667506303276
"25",52199.0073784,44793124.9642,92,21.5,470.478260869565,1152.83334173155,0.326086956521739,0.423913043478261,0.521739130434783,0.478260869565217,41421,0,20.8774051809469,1802.33808704047,16,43120.5130323472,48.0958318150309,25.3415249603769,62.58514286389,12.7879702175299,22.7691244508088,47.5640510954088,1.60961313659576,6.16315859871751,0.263557164151214,43.2337136400929,4.35247121643709,36.7601453018414,2141.48910611863,17.5994705445611,2.3115916626367,28.9688273226655,39.9710357135339,28242.0254533699,2.52115207431613,5.04311278842171,47.9578993309898,35.8332577469004,0,0,0.0107424713993754,0,0.0742032670125651,1.35831444342569,0.0781241722116465,1.02072312970022,0.0238440981927712,1.21139433547891,1,-73.85372729,40.85609293,0.962720456708358
"26",23938.4970908,23836014.4494,44,3.5,241.204545454545,690.297393933862,0.363636363636364,0.568181818181818,0.613636363636364,0.386363636363636,18541,0,13.157111266922,296.349358627528,17,34736.6216589399,45.6514328788569,22.3397440622252,66.7763990354802,13.6049711975887,45.7771929550833,26.4405513877231,1.6905262638105,14.6617243027963,0.149214271058969,26.3008831833668,2.50330918761052,43.7797521419916,2056.9546637832,20.0772295882157,2.27796709538552,12.9337024140391,28.0663314305847,52521.9653054626,2.96714642352461,2.62266106099078,57.5231420941407,20.1856665581961,3.14659735203099e-05,3.14659735203099e-05,0.079093683236231,0,0.826451079273538,5.99981520739407,0.171226664345783,0.622087703752243,0.739986758265486,1.34105499833315,1,-73.90046484,40.89245022,0.535026122645894
"28",17098.9870878,15289544.596,57,2,219.824561403509,601.581965760961,0.491228070175439,0.596491228070175,0.684210526315789,0.315789473684211,31462,0,9.70335642997902,144.800377010348,18,53339.4821102684,47.1000620534417,22.3014435046148,68.9559078239147,15.0116495995879,26.976524835445,58.7139956039901,0.847283084780871,6.07323955425059,0.376079749389838,19.9095294448813,1.88239779058504,36.3157286019824,2224.39421778439,20.4708687169033,2.28008119299209,17.4331633660046,27.7841250693003,52545.6210980219,1.58898978577367,4.8344533335882,61.5288872670446,15.0380191496983,0.0112280469613622,0.0112280469613622,0.0562817778376292,3.06515081718505e-05,0.29905766913379,1.66973876255574,0.106719999044494,0.311309531435016,0.371050427520179,2.22468953499002,1,-73.88634903,40.86636771,0.590913123881498
"30",21627.0008726,18837442.2339,69,1,272.95652173913,822.228883168875,0.507246376811594,0.608695652173913,0.695652173913043,0.304347826086957,26420,0,10.049242997729,119.79768531054,19,43693.5539302202,49.4629658116505,19.8881066060275,69.9618095633764,13.5802126072389,42.4122243769241,47.117892963444,2.48576555780742,4.94058518512453,0.0975613865233335,48.3360260851814,3.45513719507433,45.5711678144386,2705.66537422137,22.5325256766849,2.53124842139582,27.0331829733098,26.1088889579891,43114.291404503,3.21442756179453,6.93557255985372,40.7339643262429,43.5784861080007,9.40253781178578e-05,9.40253781178578e-05,0.0529170375619756,0.0411015004719342,0.29450390263555,1.01763380721645,0,0.429188860760716,0.141518205300612,2.77297727365403,1,-73.98212428,40.5806481,0.606245031985809
"32",25291.4113592,23009990.3639,124,1,300.903225806452,1040.13508675013,0.516129032258065,0.653225806451613,0.733870967741935,0.266129032258065,38083,0,11.8007247328204,293.625853634677,20,74647.5140807228,46.6994338337493,23.9861821456793,66.4869135351143,10.837679944073,18.2034300453489,69.8519724540145,2.13465427880485,3.30729550717678,0.237886770550571,25.4251278866541,2.06460140619981,42.8388677220282,2484.98939530284,20.184807080065,2.41690781876408,20.8854845290264,28.904428994255,37144.8121081843,3.60615354390495,9.33606831104942,59.8354062940385,17.7846592627007,0.0736245700565913,0.0736245700565913,0.0147323974736821,0,0.0179060215482825,0.409144189808661,0,0.692344405746956,0.0320043588491577,2.65739355267077,1,-73.94913336,40.59425158,0.511832181828366
"33",21744.6022523,25863124.4988,79,11,444.303797468354,1201.61271283724,0.30379746835443,0.430379746835443,0.582278481012658,0.417721518987342,24287,0,12.1674558405731,130.892677185049,21,73593.6735464737,50.1961566631785,19.3357051629785,69.0795353342182,16.0631782061721,37.0548267348231,19.1970079095147,5.16325143122545,3.43279921556046,0.242006859282396,75.1217475295307,6.04805863134245,48.4092875482932,3275.78451332014,22.9730976475914,2.84395995739684,33.0758725695176,28.0167618894223,40650.6761760344,2.18595385140283,8.86795997430081,22.6216431699471,65.711322751497,0.016186523996569,0,0.0885862738499515,0,0.00815588289755863,0.487710968139539,0.0697865499327452,0.186681635829237,0.17871756193519,0.379734539214409,1,-73.99363596,40.60722178,0.331088242043157
"34",45567.0203008,52113460.9156,81,6,410.753086419753,845.574797561756,0.407407407407407,0.518518518518518,0.617283950617284,0.382716049382716,32537,0,17.0903894028337,259.695154690942,22,116329.473090969,48.7146336731627,20.509279872635,66.5076892699536,18.5704598313732,44.6933777031804,12.873512647817,2.45453128580521,3.1919842681865,0.182602843733035,69.3194522151686,5.23197086471664,45.6130137906822,2923.1418606127,19.2770547416519,2.50811305906384,28.3138317506809,23.3285976546725,47420.9940610846,2.75992276179237,7.47137146904058,26.3472553392571,60.9813986067385,0.0396414417197482,0.0180627256506723,0.140423917969745,0.0266640235810333,0.0154823362708673,0.439786282379534,0.0116019602896193,0.22980047005302,0.584416502915464,0.177869207227999,1,-73.91000935,40.60766602,0.280393258331815
"40",33335.0193728,60404982.0475,148,2,322.831081081081,925.454845982539,0.459459459459459,0.567567567567568,0.641891891891892,0.358108108108108,71738,0,25.5292871281608,2368.85079650168,23,97959.2464745117,47.0318219115554,34.7700045523236,56.8129595915904,11.8509562380957,13.2517624270141,34.6085155860189,1.41788333858656,0.932976874963752,0.283360429685101,68.0884497947724,3.91088774617298,47.1469629272296,1849.71200932655,15.3808574544495,2.84411397038778,40.7063869644055,44.0204710984531,23475.3645607232,2.96747042691562,7.0258518842061,29.5837145607538,54.6154674272323,0.0275624840730439,0.0275624840730439,0.00510837941642269,0,0.0129006598109855,0.161621543551984,0.00234582382418727,0.329903592555092,4.10978729089353e-05,2.22644797108209,1,-73.98326777,40.63122775,0.733835779542304
"41",48004.2121574,62136802.8276,75,5,398.52,1087.74894460371,0.36,0.56,0.653333333333333,0.346666666666667,43369,0,26.5906061933639,1771.56404353711,24,52682.9332117247,48.3219783368896,32.2021900625843,58.6564394411982,11.9734916290067,13.0416359452984,29.9618468153262,1.03577959389356,1.5823629484436,0.189390227600659,73.8905773022167,4.00698714108682,52.2552984752863,1593.96434583211,16.3554123834546,3.01703247521982,40.1388136277744,39.594211413857,25209.2266903172,3.44580688948498,5.55786044894049,26.3439100558103,59.1139042079016,0,0,0.0261729813059246,0,0.100614445707778,1.0427558211367,0.00978542856726843,0.0730846285205083,0,2.4679020182469,1,-73.93381412,40.64805306,0.824631381578645
"42",33516.1632612,44818131.9004,136,3.5,167.691176470588,485.862997222177,0.448529411764706,0.588235294117647,0.676470588235294,0.323529411764706,46115,0,9.70061802016697,208.421062320312,25,85155.7097841172,46.0764162364561,33.3416883245593,58.5535151900415,12.5491704993142,11.3227631162005,42.6193850982349,0.977223607094115,0.962418139341864,0.0548568174646148,60.3562274936612,6.05330680950461,48.0815764210525,1732.80088143613,15.2554413268334,3.23592246079504,35.0054221005074,42.0591323171993,24138.7050850363,2.90992269756475,7.74516683573812,33.3244156571476,47.798479331481,0,0,0.00964474674254971,0,0.0182637864244602,0.115026293084135,0.0527847204371004,0.141441317867054,0.000759591495243108,5.13468165211047,1,-74.0234584,40.62325767,0.543134454721279
"43",62190.1293536,113325221.602,182,2,184.956043956044,520.171824822298,0.478021978021978,0.620879120879121,0.67032967032967,0.32967032967033,72311,0,19.0096250916182,1411.73554232041,26,172421.132010186,46.6796048530055,27.4909480140572,60.957382765607,16.6054214541014,24.183432515991,37.7070674728316,1.31631147724407,7.90972650703487,0.0708628499522653,58.0808915210687,4.67615912332425,49.9911830333143,1974.75636757104,15.6182065380476,3.0571577096192,30.7649474760411,30.0787781897901,36664.0915352973,2.39067001778431,7.9884069797806,39.3888280753405,42.549676448002,0.00579974772491893,0,0.00927960404032397,0.00521977727241227,0.0572735383861415,0.55051064006313,0.255768430173144,0.444937374438426,0.0248322542558844,2.21344734107278,1,-73.89204449,40.63460454,0.420441503630294
"44",31395.738554,55530142.1101,148,3,300.216216216216,844.640047638864,0.439189189189189,0.574324324324324,0.648648648648649,0.351351351351351,71882,0,16.0291171642414,1375.11851456227,27,147598.438961089,46.0690627163636,31.1543369914401,59.851951718108,13.927710292176,12.6413590233512,37.1969098859056,1.45799395928507,2.29959231226167,0.247795059304802,64.2333176758533,8.77354762979429,55.1221831800015,1901.43712210956,15.2273715136989,2.84688064171003,35.8995361316634,37.3490988099975,27434.3855646738,3.74357585481465,7.54770374320854,27.3406515324581,54.388464346076,0.00542011260515396,0.00542011260515396,0.0142277955880874,0.00474259852950968,1.33695473643253e-07,0.233487243140454,0.0663808427099124,0.320924277423516,0,6.01625625264358,1,-73.95911931,40.63184938,0.488013291380332
"45",309283.15765,271366645.122,46,2.5,352.652173913043,1048.68154720087,0.391304347826087,0.565217391304348,0.673913043478261,0.326086956521739,36424,0,10.9076707665276,119.960410707815,28,115514.227441371,46.0368742556694,21.2354920530694,60.4092055311156,22.5918037007337,42.2686017963596,29.6001471224663,1.14963548137795,5.67317656298896,0.276019919215392,40.827877359524,2.1033987908372,39.7256837476826,4433.4274568014,12.1904790195697,2.5821133578675,17.5434320741144,13.1389764984578,56511.6235474396,4.79651120153635,5.82915297954369,54.5086663171472,28.365239334232,0.0497155166508877,0.0263417697803296,0.201408837014881,0,0.0487417051670155,0.719354526254957,0.263540709387978,0.170547171048139,0.0525799351092679,2.3914508116878,1,-73.94692561,40.66280012,0.315718685116171
"46",29627.9860963,38323373.3815,159,3,246.408805031447,689.10531992381,0.433962264150943,0.591194968553459,0.635220125786163,0.364779874213836,56394,0,31.9695889633649,2668.23173857315,29,127756.093648594,46.0902124958385,31.7711919440027,60.7151754446842,12.9692555668413,12.8029398198678,32.4758183941213,1.18872611338293,1.64174930321142,0.199689539964999,69.5116888138362,7.82386274874115,59.9880050307703,1721.22655760323,16.1017126808312,3.21502969372549,34.4899467452491,41.8718093245465,25376.6102387194,2.84039354240192,7.97513594217233,24.6064248850872,58.2303827498885,0,0,3.14007781788838e-06,0.00782741338075437,0.0613876946127795,0.00872281649609822,0.00716135901395689,0.127699582687061,0,4.5198591215973,1,-74.00113444,40.65197148,0.442663816534299
"47",86531.0910036,160530903.165,147,2,230.755102040816,1064.52684577122,0.45578231292517,0.625850340136054,0.700680272108844,0.299319727891156,56073,0,17.8040946623152,1555.85645124664,30,162266.167424341,45.5693484861812,26.2979261765248,60.6853057184244,17.7650532438545,13.7286302394284,69.2606274934535,1.41194168519797,3.13016978042993,0.248062739317452,24.0081142395778,3.38943415959908,51.245581160944,1539.53028758553,13.8289113607717,3.08399543490447,20.283051682124,19.8746426047919,48498.4822128416,4.13941973585286,8.39785825639594,65.4897370327686,18.1795309353064,0.00680059648986897,0.00405915303648748,0.0644996586512418,0.00197533859212829,0.0709823844444585,0.164127555860618,0.0552086089796766,0.193421404703275,0.0288572402828255,3.81479260195958,1,-73.91094406,40.66816181,0.346467787416089
"48",34316.3448396,43057143.4513,116,6.5,282.698275862069,799.577369014706,0.405172413793103,0.508620689655172,0.620689655172414,0.379310344827586,48323,0,8.25617200918817,120.414072674041,31,88083.7717606945,46.9156232963121,34.0768624261483,57.3847801376562,12.340282883486,18.3813849324124,29.907801407459,0.871333085865499,1.3038756303684,0.351090644878913,65.369653952666,4.47562451824711,56.1084343099327,1767.30230849197,15.6480978954173,2.86997938919956,37.5117414432861,44.508185362026,23772.7294663921,3.76142025092425,10.0386700563966,31.1735862757879,51.1237457550151,0,0,0.0381302094281717,0.00908226247774191,0.0249762218099172,0.159085770801568,0.00427289918045306,0.249762813810232,0.0085433020917003,4.04450530927112,1,-73.87739083,40.66442617,0.549919684770071
"49",45768.1759216,105809974.132,74,2.5,308.648648648649,870.24591757327,0.432432432432432,0.567567567567568,0.648648648648649,0.351351351351351,39477,0,10.6956962281835,116.093604616709,32,121079.29429877,48.3560773817904,24.8352625551533,61.2870153250908,20.6596225835473,35.8679684772292,25.9455057566086,1.11792868061546,7.93062601901842,0.308333430525096,46.7680715877006,3.91252143514872,47.2828771418733,1311.37037862299,16.1553379981468,2.9766172096376,23.6573042284412,20.1777235425019,50036.6756306468,4.0922115382582,7.58060579069697,40.8564660474101,35.1873158084965,0.0615600246466377,0.0445863812264926,0.118106301369219,0.0155227278862208,0.25092584807658,1.05450835480572,0.886025588592868,1.36897779102564,0.0348658965873714,1.76806828950923,1,-74.00321647,40.67924398,0.326653704327064
"5",18676.1242594,18088797.9526,25,1,525.44,2312.91799969937,0.56,0.72,0.76,0.24,26340,0,19.2864844343204,159.646779729527,2,44771.1055636501,51.8617412419055,13.3595095462236,70.7249206531692,22.3707771905421,34.7196323729341,7.32186345961562,0.457469502676442,56.3927894052027,0.332894360052222,12.1930256028466,5.12330597102391,42.8167816924492,2572.00297185823,21.2850641358412,2.09935948132845,30.1813883138942,22.0600727769103,58941.6539718378,6.09892895705309,4.13212638005458,36.7143572844766,9.36118169115556,0.0422349593150583,0.0422249337238692,0.00622362132313501,0.0716409700620608,0.195590556187292,42.7573176364892,0.235408018083381,0.144163329055446,0.312980558742286,0.0291190150988899,1,-73.94490511,40.6740235,0.58888427408873
"50",52230.5051879,136112621.464,35,8,411.114285714286,885.852290549767,0.371428571428571,0.485714285714286,0.657142857142857,0.342857142857143,26161,0,17.008562363824,281.983039082766,33,100114.008048716,47.6320220920453,24.0645629970662,59.4595828727508,21.2634006409342,47.9811353405808,18.1508274002508,1.53495882042388,6.10424624532157,0.170831479892347,47.5953140537135,3.77869267103895,41.8593651015707,1993.1654579109,16.031614786882,2.51959154204828,18.1661062906713,17.6552500045105,59485.5212587723,2.01240509793769,5.91584929678937,43.2313606609023,36.5995200487585,0.120200468233876,0.083242605904495,0.151530098602217,0.0901908598722163,0.118230102017235,1.06853515651438,0.0315229804446504,0.205074303153886,0.629897094181256,1.50144044327572,1,-73.9769143,40.66935158,0.261661684619128
"52",65671.234475,80116628.6676,133,4,319.105263157895,974.134466350871,0.368421052631579,0.541353383458647,0.654135338345865,0.345864661654135,61846,0,12.173948193901,139.771610403794,34,142162.925851628,47.9218606773466,28.7163462430358,62.376114880001,15.1438896154539,20.0467729746631,21.8053246780676,1.121427109337,7.04579058093693,0.215123760388437,69.8126122940814,7.16189053399265,54.9829958916504,2037.08150163394,17.3759894906433,3.04354043237857,31.8844162871332,31.9503468622262,33158.0685873916,2.5669366862626,9.04236995047062,24.3496738406429,54.2942626278984,0.0182888757474448,0.0126615293636157,0.0635273310421856,0.0117514847145922,0.240321298025255,0.418098634766792,0.534094857114645,0.834852384118067,0.020136321867879,2.39380867043164,1,-73.94918461,40.68924222,0.435971612350508
"6",27182.610113,22131930.5185,26,1,289.807692307692,1382.2009989645,0.615384615384615,0.653846153846154,0.769230769230769,0.230769230769231,30908,0,9.03160993917432,101.240071829688,3,54283.6233301959,49.7417991093794,12.4066430587232,72.7587520945685,20.6867808258883,87.2084756636489,3.2145602004192,0.422066077822024,10.5201367903551,0.0263257571769538,5.53144175811507,2.42104814047004,34.2144723692628,3080.26387896699,30.00946764472,1.71328783283526,1.54450882023362,6.04153366688874,116712.165253421,1.18649726996393,3.21468722878493,76.745815441372,3.97065504509337,0.109934685059458,0.109934685059458,0.616877527165964,2.71802330902679e-05,0.636184426247654,2.82050021637265,0.158821994594124,0.22953871213275,0.912970382453522,0.0607857901624248,1,-73.92931716,40.68565666,0.569858791699201
"60",66157.6357329,88169556.0561,79,2,277.810126582278,791.830888380577,0.443037974683544,0.594936708860759,0.683544303797468,0.316455696202532,36751,0,11.570406247449,138.857368956688,35,95786.8261011829,45.6880014209141,21.0048451538666,56.0278863567523,27.623015067548,65.7537035167412,13.9067290722094,0.886259725814198,14.5907776336309,0.096022842925589,15.2842940153065,3.56143100643406,45.5621621482174,1801.57222284322,12.4354603869961,2.68602580614963,18.7712584956381,26.1468562822671,36762.6419842565,4.56600301119397,6.14974640285225,29.6409789766527,10.5948827985104,0.546026978846837,0.29613075372052,0.261719702370651,0.0717338102547399,0.198142197270013,6.99902863682804,0.184773392325218,0.813758171023575,0.637726703866905,0.138929039720667,1,-73.91684069,40.69455472,0.384499638406384
"61",128324.222864,134635110.07,47,3,211.148936170213,683.513015642856,0.425531914893617,0.574468085106383,0.680851063829787,0.319148936170213,34278,0,14.0501196102456,125.815110897425,36,161182.083786204,48.2901589161011,23.9337161108208,58.8294135015893,29.1336287457425,74.2499610461526,4.41160586052867,0.527904394020375,18.4671757038474,0.20363178236875,9.45032029479679,3.02457129267683,48.7232495682253,1382.80757161084,13.8996959904705,2.68998657518564,15.4850000007534,16.8385837799601,55134.7602740305,2.95202086537157,4.89605159304397,37.2541154172014,5.64222468480317,0.749535041129452,0.46515562731039,0.332281057496505,0.107965892764516,0.212224930580477,10.5742826242583,0.504968577530896,2.63805486629678,1.93431280257562,0.0674191907062346,1,-73.98890042,40.69482046,0.21295791190744
"62",51716.7009968,103208535.31,51,11,413.470588235294,1062.4532244375,0.333333333333333,0.450980392156863,0.588235294117647,0.411764705882353,34115,0,16.6287556793199,184.791764650857,37,188214.649744052,48.9945227769669,22.6173458842461,62.656217828448,28.3369883579377,51.5354208770034,1.53704587822058,0.2886076249104,39.8375713654884,0.0787528313142158,14.3519290270974,3.69293825259802,47.00897667047,1235.43594893544,16.3341366850278,3.05408922995663,26.1617087878367,17.9441877270322,51960.0189661761,3.05531519706736,5.14229325958447,25.3711750493105,10.2939299687181,0.467805043837671,0.36654866662931,1.20680448165978,0.090939830695051,0.0950999240946138,29.9484479521287,0.457312546804317,1.8479608668143,0.298989285664425,0.0853659437079101,1,-73.97037202,40.69273295,0.18152678362955
"63",205126.175843,229441741.998,42,1,173.119047619048,678.350697212605,0.571428571428571,0.738095238095238,0.833333333333333,0.166666666666667,29453,0,13.119274776763,162.37800506279,38,114333.165449711,46.9921229016311,25.9741878445752,59.7576071040178,23.7901189163232,40.3411364742022,50.7827961491773,0.390105587134509,6.25427540355584,0.0664646056322029,9.41308991890512,2.31187077291976,45.1489846811348,1000.10038463724,13.2959977586731,3.01148844997877,11.1229673766851,9.38921452736265,75029.911198898,2.84620129780539,5.56257596657936,63.3807173353925,6.14425477281631,0.611311826271532,0.326324250030196,0.124644632536466,0,0.225173749093261,1.65981760774851,0.0632768175788026,1.02748374237039,2.08137623986204,0.442696822559495,1,-73.94662884,40.70868568,0.2579741397344
"66",52362.5007775,99520789.1051,48,3.5,335.375,774.788608781694,0.416666666666667,0.541666666666667,0.604166666666667,0.395833333333333,27292,0,28.714568371684,2195.21861849489,39,193081.847856847,50.3720367616511,36.7869086763376,52.5415252023626,24.0049103157196,69.911449817232,3.08354308491345,0.685778276006548,19.8946416522291,0.0498190607011848,12.8239939196251,7.50472996712207,60.463564569411,1200.00058707621,14.954028918988,3.55031204074912,25.6861555100651,32.4099146004262,43152.1867531996,1.83832798094473,3.67730905736988,27.4257477198693,11.2245096221778,20.5267135948593,14.0753433935921,1.63802592870914,0.0222703460984541,0.175674386070963,10.5080966792848,0.107326939785825,0.654608789429653,3.10337470863708,0.0249868214818014,1,-73.94772923,40.72507355,0.141597981910087
"67",43288.9431384,93744758.4403,198,3,445.328282828283,1320.7326870982,0.444444444444444,0.570707070707071,0.676767676767677,0.323232323232323,58256,0,20.1724285910464,1528.21019543255,40,155390.87369178,43.4303629955553,24.9629001056211,60.6543263153657,18.2786426254135,4.21418951207259,90.896075732997,0.332850984061939,2.2062504871646,0.076463371468881,7.65004495160993,3.04671371798372,50.1864022991088,1439.41420926666,14.7053342044178,2.89881665178048,15.359985525726,17.4418020466974,48071.9004869232,3.23210926567687,5.77081259937895,72.940638006285,5.56156855738462,0.0510154795490816,0.034755896889969,0.0049994282950883,0,0.0167403014120052,0.186793360235614,0.0102966147563006,0.468689477545745,0.0527018457543656,1.09289194819975,1,-73.85334313,40.58480551,0.376173958040447
"68",44530.8674182,110940958.563,44,7,838.931818181818,2614.1567309264,0.227272727272727,0.5,0.613636363636364,0.386363636363636,29819,0,11.9100573459875,235.582739187201,41,127907.654849936,48.0969317265496,22.337593235441,62.5099898638849,26.9546019021715,65.4865614640383,2.65311126793861,0.658509510304525,26.0780415984856,0.169194533913573,15.6051985141422,4.7341496461933,44.5468349364431,1200.22907848274,16.2769520559454,2.70859084932239,20.0693235498474,16.7217674158744,60378.2171661814,2.24266516254253,4.93825960528195,40.8873834260808,10.3699027020866,0.300058844827524,0.247504486904717,1.42150671204828,0.00859995525062571,0.220753029794973,18.1971034144091,0.0644743576436135,7.85587268289047,0.206826111712681,0.150076353326375,1,-73.76332247,40.60044418,0.233473125865969
"69",119784.821603,107316655.273,64,1,243.09375,754.501890111973,0.515625,0.625,0.71875,0.28125,28635,0,9.0654793085385,100.526954513315,42,87464.6029610388,44.1858791711183,25.5670351402213,62.7506467487843,19.2823998334255,6.43087965481641,87.4300457487121,0.775339803442399,3.17976376013031,0.0924906661528983,6.09198105594676,5.8584218949987,45.2511363811554,955.738354135543,14.3878401645491,3.10841699290958,14.9589237333607,14.5524015142761,64958.4921570939,4.0945641175699,5.62819249490585,66.6868314549422,5.5322973384416,0.0456341048134259,0.0353411493771448,0.0491710516326203,0,0.0798457853464382,1.73087412247367,0,0.484977700387061,0.0662871279220938,0.905737919585186,1,-73.84161079,40.69638104,0.328121308831459
"7",17301.4757772,18363385.1839,45,1,212.311111111111,786.905701357083,0.533333333333333,0.688888888888889,0.755555555555556,0.244444444444444,24465,0,8.91077048845289,131.074635597273,4,40518.3696849147,47.4540487697616,15.0436590896875,67.2494936256713,22.0276981673652,41.1281118371877,11.0022161825868,0.690298721952494,35.6318066609596,0.218225977540205,29.1625191580338,2.32789429199806,39.8101162972851,2704.77352437061,20.2824928788088,2.35475883227375,26.7460436986657,27.2392522914377,41254.5263805429,1.89137104612295,4.70432393941777,41.1312556080128,24.4214841595298,0.293693950613675,0.236929573600342,0.258175438516441,4.30530505841928e-06,0.0705799817780928,28.4248538554297,0.192257506963045,0.198464151248473,0.239349825891055,0.163295462324139,1,-73.78603783,40.70367532,0.604910814294813
"70",49075.6736317,82181407.8152,106,5.5,273.801886792453,639.205182347001,0.349056603773585,0.537735849056604,0.613207547169811,0.386792452830189,45454,0,22.812293747525,1722.30299243458,43,163436.163030827,46.8052503153801,27.490684672132,60.5942045415562,21.2544982667198,43.4227693879742,37.130521403888,0.725023152940926,11.1546081915848,0.0883105531375459,15.3309624361071,6.33684047225419,50.1549044291401,1510.54888603162,16.1555592711233,2.89386993878712,17.9776806199604,21.5333280527147,49426.1473608096,3.31960276927212,5.50500565039322,47.2555058565646,12.3084708552902,1.60254951209432,1.33026369602094,0.449655530310061,0.0367117039092021,0.100093067877498,1.40194845836722,0.108299173127653,0.480475766375878,2.06679153252335,0.389558576230544,1,-73.89053162,40.71079814,0.278763274633452
"71",29978.0942611,45331787.1744,84,2,290.702380952381,1468.97128811133,0.452380952380952,0.595238095238095,0.702380952380952,0.297619047619048,41102,0,17.5080288063841,398.816045582936,44,103584.454276877,45.4129973434056,24.746990707998,62.6532320155117,16.8661106924041,25.9082916632783,68.1280294174665,0.529118197443705,2.94470717173279,0.172068812962617,9.67567968523213,3.60633052112785,49.363583959314,1699.45225718736,18.3925385878804,2.98199515972499,15.9312047346723,21.6421032960991,45847.6651643381,3.91840297543129,7.2028296517012,63.7753164954642,7.88364565831951,2.86473863507993,2.61553324769617,0.107449221288104,0.0530967702214847,0.0449764807407252,0.562916681257619,0.0173886724297937,0.720182704079792,3.19481779102136,1.21436740871161,1,-73.73684515,40.70008722,0.397607925701974
"72",89173.4526053,104650199.882,85,7,414.141176470588,1005.3020767641,0.423529411764706,0.505882352941176,0.588235294117647,0.411764705882353,31770,0,25.0763928234183,2055.14632237177,45,130717.633630289,50.5965402101767,25.1367427648799,65.875539745249,21.8385174729964,42.1979673587827,4.75608318039319,1.37728446770936,27.7577369162757,0.0850724142866976,43.8916119653305,7.18517375920085,48.9910440796151,1472.59723149075,20.5882991497181,3.23809373893758,38.4451936333582,26.8913468183344,55330.2391081447,2.43224289865595,5.22451117512802,28.0281604859292,36.8826907605272,0.228200849770109,0.127478070913464,0.760738713015226,0,0.0943591195275981,19.9429355694337,0.181198584176906,1.26428985042251,0.15158054966228,0.109224569508585,1,-73.83273771,40.66926289,0.243693211966306
"73",33034.6609396,51771864.9851,162,3,283.567901234568,813.984654093623,0.432098765432099,0.611111111111111,0.685185185185185,0.314814814814815,59868,0,25.1094240662791,2129.9246959425,46,90903.8394821232,43.0554777328086,30.3403970425422,59.083081143907,13.0170707764414,6.81796515070705,81.1019467314019,0.865349878400455,2.05935981407154,0.0406101475894345,20.7549910471032,2.63833004101016,49.9451815669139,1535.78251025451,15.6638639219999,2.83633982116007,27.4848569063591,36.2552229069297,30696.5159311433,2.92279581865127,7.1241597221027,69.9836278661557,15.8826255602553,0.0214686232337148,0.0209012493608746,0,0.00865280029077167,0.00879658889057444,0.477792765031035,4.19437553136904e-09,0.18397394252956,0.0527512424721402,1.48067967221416,1,-73.79737263,40.72615068,0.660368146626032
"75",114009.988899,183100917.807,292,3,404.534246575342,1206.06519154058,0.404109589041096,0.554794520547945,0.660958904109589,0.339041095890411,97702,0,27.328396552783,2345.46457953682,47,181732.134366062,45.4382933629382,29.4582912282909,60.6120189498029,15.4993194342204,21.0668398717979,61.88346818229,0.769055386876791,4.56232929077566,0.252895376303669,35.3662560383536,3.65137021728411,51.0044912979036,1398.5064608875,14.9565660882961,2.99480176811156,23.8610806565036,30.4741324099595,37210.7799463537,2.83197208715228,6.24201831856159,54.0666325784205,28.4280444282336,0.0629975825388656,0.0536537137002078,0.137266431908305,7.38832309340581e-05,0.0811515994521067,0.995363102823556,0.0670875146628149,0.308518876621598,0.123018526437135,1.7554211329142,1,-73.92301859,40.74048856,0.539222192827006
"76",68146.7843678,48237925.0647,25,3,387.28,1109.00712050615,0.32,0.56,0.68,0.32,16146,0,14.9356496965193,204.614801165494,48,46687.9798409545,46.711692934641,21.1928006970011,67.6179204123282,22.5811411048607,71.2568051702423,15.2592389445314,0.45265748631938,7.8757114000934,0.0121207253879465,19.8537899563439,2.02142542252114,27.5876081986594,1851.6275464597,21.6043401789749,2.22236486753146,14.4989597139847,14.2581300064994,97495.8357828864,2.33068720771446,6.13272033677326,64.3241079516933,15.4099607897517,0.00020804113636067,0.000201543261569321,0.356804820704275,0,0.0898888114163597,1.53818250641651,2.36860378513531e-06,0.402760394303532,0.226681646001558,0.07089982450287,1,-73.81560351,40.77165333,0.346363240711796
"77",34662.4412913,42651832.1266,95,5,340.126315789474,1022.90163252975,0.410526315789474,0.515789473684211,0.642105263157895,0.357894736842105,41946,0,15.6363896438278,314.329492156187,49,92533.1606160266,45.6328882164865,20.9099477434807,68.1562865745681,13.9951762603075,25.8390944719651,64.460427480589,0.826812481354454,5.25503006848353,0.195968396832676,12.6295922896072,2.63441109941807,42.9115218278832,1801.43679951961,22.7286755878175,2.57901151395053,16.6588911429266,25.3356202131436,49563.3515830362,5.19431300763617,5.70964988993622,71.3828065745795,9.99337535305717,0.336734986702318,0.257231053017864,0.0601882374231557,3.22706375524307e-06,0.165815446271541,0.997766550204893,0.0172148642173388,0.399762805857453,0.688962323921614,0.681246110361557,1,-73.85980459,40.74367932,0.454334421521084
"78",39797.3638062,67677111.1349,20,16,293.95,773.703838007392,0.3,0.45,0.55,0.45,23325,0,12.6563344051447,186.533397827992,50,74110.7502496313,48.2351128146373,20.091279854609,70.8639507425099,23.2122472559531,77.7551279004585,9.83519765199836,0.964576230137488,10.2333433989182,0.0824020973130444,14.7662352312555,1.68768982514197,28.4781805457081,1684.05321752355,24.6672248115538,2.42329965914317,6.73661931216312,7.65437610903641,113493.963700871,1.36068346043078,3.71465651401754,69.7510081353747,11.7052389731165,0.159164296401758,0.0847023372587096,0.171145904433744,0.0107946581637759,0.145118090173277,1.59466394696848,0.116489048909514,0.832761221625223,0.279046062677093,0.0147406317897108,1,-73.75922493,40.75669189,0.315001533804013
"79",28256.6021125,44975546.9316,105,2,312.371428571429,1006.67753466103,0.438095238095238,0.60952380952381,0.666666666666667,0.333333333333333,44569,0,28.3983261908501,2461.402916781,51,95135.795010134,47.4808052782926,26.6248867933572,64.3462126215488,13.7378713444979,32.1760687988461,56.3196793495025,1.4017925687322,4.63704538884907,0.140630664555808,20.3179648608944,4.0346406927554,45.0652252378158,1482.64515023538,21.5244254406618,2.78400912692041,22.4360345781264,31.1122439699173,43392.4931847051,2.3022274304262,8.5530977282888,61.7550324681177,15.5598018470512,5.12676101435153,3.33609586941921,0.0333047882574335,0,0.0382048979841352,0.780335638369995,0.0126102871488018,0.366065496792079,0.410965004271768,0.933639747910682,1,-73.8497444,40.72245312,0.469581401986931
"81",28386.7189929,34485430.7622,91,1,236.263736263736,1059.00410066528,0.505494505494505,0.703296703296703,0.813186813186813,0.186813186813187,35859,0,44.3370423045818,3349.13125792207,52,67400.1892174161,45.9448543930198,24.628949794696,64.2844880683216,14.1000718449732,16.0902079368384,75.681017226571,1.25873551347142,4.0137994351695,0.0418812205113262,15.3681531225163,1.51398954031892,49.1083610885188,1442.69557832406,19.0464295814322,2.80038136386784,20.3519927115351,27.5510276979279,42763.952752089,2.70587370987521,7.46056909635399,74.6460158133884,11.2624940344275,0.0618765334171312,0.0456702502576362,0.0126916104030621,0,0.0253573223670707,0.542947755757558,0.000237749913980466,0.675223403175697,0.0133527756072502,1.04235440061931,1,-73.78140204,40.66104389,0.533381291913504
"83",36940.1948044,56650181.4334,146,6,514.609589041096,1223.19601369013,0.363013698630137,0.527397260273973,0.589041095890411,0.410958904109589,39885,0,24.8839162592453,1836.72970341943,53,118501.58140561,50.5850711813694,25.2734847491625,67.9073812271563,14.7624506174169,45.8260298893328,31.4581162559106,1.23558673882162,5.95631757425329,0.148216356508372,62.2238742398079,4.59991215447342,51.9078213009702,1439.84854337947,23.010816205748,3.2472766064525,35.908676032669,28.2232357805976,44610.2083443617,3.93559168944728,9.05969187530109,35.6104154587119,52.6958161422442,0.00171288050710878,2.26123802145819e-07,0.16275223727901,0.00685053121837277,0.116460228122253,1.76331577723574,0.0805402190260236,0.160882964671985,0.0530840297495518,0.138894757113505,1,-73.91438155,40.77002321,0.337809837853395
"84",38088.3948883,35462930.7737,19,17,402.526315789474,1082.04905251416,0.210526315789474,0.368421052631579,0.526315789473684,0.473684210526316,30645,0,23.8015663240333,2108.7051424436,54,57371.4656229117,49.3808169499492,17.8551198854544,72.013024716873,22.1959973556,67.6354862112208,15.045883791595,0.669776332569859,14.1820577443073,0.367191537673483,13.5649131340019,3.40722618986932,28.1186736226616,1779.69069659078,26.0495796690179,2.12919475321323,8.17191849727089,15.7589099426641,111414.584738057,1.55784929464422,4.661269054931,65.631660606834,10.8039874230671,0.0546853044222423,0.0145961827746526,0.503722482430747,0.00998522238859243,0.545706602233083,3.87394425948902,0.0900533877628711,0.621527865727333,0.45259451441331,0.0854390153553559,1,-73.87621675,40.76260669,0.534481726535397
"88",53342.435863,42391696.9605,35,2,333.028571428571,776.241945519046,0.428571428571429,0.6,0.657142857142857,0.342857142857143,24963,0,12.7249529303369,266.111350307031,55,58299.4012985921,46.2190909950679,19.931049969556,68.5926960687113,18.0795095019999,42.8533699413256,42.4325702574412,0.892020973165445,10.4760667984125,0.0973466835589463,16.3809526529801,2.30453325337465,34.2830036484411,1553.70785062338,22.0151144531957,2.3044476348133,13.042331838754,18.5795569017426,69621.6123625207,2.33640981552187,6.29592155397876,64.8019677743561,13.1419121098305,0.5934003897224,0.113844320397805,0.0248313393139352,0.0137171435182163,0.203786520378543,3.21952093751524,0.100503111432508,0.481376502808065,0.218857697306776,0.932706407138534,1,-74.09642245,40.62527017,0.428786564581817
"9",19773.4018725,21394013.3755,56,8,681.625,2048.76421787734,0.375,0.482142857142857,0.607142857142857,0.392857142857143,34004,0,25.3103458416657,2009.56660478369,5,69798.0510144633,49.1766743212092,14.0881467200726,75.4207204460734,15.3725552609294,68.4437903055612,8.85754281238791,0.679194520846334,14.9430164220733,0.377609078456677,19.8355812607289,2.65526081166347,34.7159418945175,3131.08635211159,29.7162023234169,1.80122723054431,11.0188566051624,18.7954326459378,74428.8433359427,8.95137854781905,3.95927575699651,62.8169122906588,15.729325133051,0.0491692634092112,0.0162234141872377,1.14228966078285,6.59386016319865e-06,0.376087961092208,6.93168583043089,0.0606828034661612,0.19057822985853,0.431378502484502,0.0680563065397315,1,-74.16620714,40.60683461,0.48797924161152
"90",51583.3127645,66154252.9707,67,4,400.940298507463,1201.72093620064,0.462686567164179,0.567164179104478,0.626865671641791,0.373134328358209,39519,0,24.6863787039146,1858.30209066761,56,125338.473520487,49.9493883621106,31.9576384299379,59.3664529662284,17.4144438414628,72.5072006528051,10.8024904397707,1.1777601577447,6.78351256060602,0.178190379300065,30.1305849128722,6.40537512472401,47.4849291652848,1766.69577454556,23.0204344813648,3.2289320509689,25.2594053260927,35.3296650876622,43023.2149025341,3.11260676672487,4.52830012313018,29.5885197766278,25.1995997973149,22.8896284096055,13.6890708926015,1.0514504966469,1.94918309599876e-07,0.0935852271720402,2.84034109219414,0.0662068568319187,0.17161815102382,1.3755252194793,0.0321949234727772,1,-74.11591596,40.57553713,0.315832791704851
"94",44570.1646853,65641894.0561,39,2,234.179487179487,1097.56560460423,0.487179487179487,0.692307692307692,0.82051282051282,0.179487179487179,21947,0,28.3045063106575,2468.76233318626,57,58878.9660884137,49.597960182734,12.0001319843087,80.0819365574144,19.2691417306564,82.6797095722957,5.02344148753483,0.688599008554365,9.29678851674426,0.236719159312552,14.9086833833351,1.77475500066762,36.6931759645794,1636.28262837421,35.7549122839194,2.21722439820724,8.50156077723508,11.8529731209535,82224.272687791,2.79574225343131,4.02927727941595,60.4471146640629,10.2793601567827,0.328050898251957,0.308563258674208,12.6892746650091,0.000164717886707521,0.116663504590373,1.47646982493341,0.138081018636555,0.16555669173489,0.376415341128846,0.072823808568444,1,-74.20585733,40.53682113,0.373410089555333
