basiccar,pop.total,pop.male,pop.u20,pop.20.64,pop.married,pop.white,pop.black,pop.native,pop.asian,pop.pacific,pop.latino,occupants.1.5,rent.35.income,occ.units,pop.single.hh,hh.size,no.school,poverty,med.income,pop.no.insur,pop.unempl,city,x,y,R_MeanDiff
1,70590,49.08768947,18.70944893,70.97039241,36.99957501,74.96104264,2.67318317,0.076498088,16.84657884,0.007083156,7.920385324,3.562678946,28.68445866,33879,1.90997373,0.20906644,0.705482363,6.791330217,150536,7.9,3.702281117,2,-74.01205358,40.70974422,7.608695652
10,52152,51.93281178,12.07240374,73.41233318,27.06703482,69.68860255,8.394692437,0.157232704,14.30242368,0,17.11919006,2.566999753,31.76789021,28321,1.654320116,0.296038503,1.033517411,13.78662372,98175,9.1,5.623323099,2,-73.99714595,40.71641499,6.818181818
100,49319,50.13078124,24.80180052,56.03925465,33.81860946,63.16632535,22.64036173,0.488655488,5.137979278,0,16.87787668,0.630275129,41.15190962,18246,2.272826921,0.118169468,1.147630731,11.02820414,72393,13.8,7.795466344,2,-74.00238132,40.7336619,14.21875
101,72198,45.13975456,33.24468822,51.86016233,24.73060196,37.16723455,47.9583922,0.277015984,3.0831879,0.078949555,28.0727998,2.827314275,45.28118755,22318,2.515010306,0.086581346,1.318596083,23.5477437,40428,24.9,10.45555888,2,-73.98394596,40.71543855,13.79381443
102,156410,49.43098267,25.36154977,61.74413401,38.99430983,38.2545873,6.631928905,0.650214181,26.45802698,0.030688575,41.56319928,2.54374129,46.10544497,45209,2.775199628,0.055412058,2.896234256,15.06809028,62151,21.2,7.945712674,2,-73.98338743,40.72626544,13.93478261
103,109480,48.27365729,26.54000731,60.30690537,32.94665692,9.704968944,39.67025941,0.558092802,22.33101936,0.003653635,26.00840336,5.704645076,50.1230315,31711,2.739932516,0.05931677,2.531055901,18.5851297,49296,21.9,13.94377427,2,-74.00168798,40.75053874,12.65034965
104,174354,48.72156647,23.24753089,61.87125044,38.59332163,80.0664166,1.967262007,0.195005563,8.737969877,0.042442387,35.75541714,1.495521563,39.93041058,61517,2.45390705,0.092346605,1.460247542,12.44422267,64409,18.8,6.473485506,2,-73.98443922,40.73804006,13.94252874
105,198527,46.27078433,22.08969057,59.83367502,36.56933314,16.89795343,57.14940537,0.214580385,15.50821803,0.107793902,11.80091373,0.775826188,40.77171531,60065,2.676933322,0.0612763,1.110680159,8.605882323,77672,14.4,8.321012927,2,-73.98713822,40.75203431,12.264
106,135396,48.83157553,23.7089722,60.79426276,39.21164584,33.53200981,15.84389495,0.846406098,21.19191113,0.053915921,25.7917516,1.87696315,47.85521812,39159,2.825327511,0.048664658,2.662560194,13.63703507,66511,19.1,10.10908989,2,-73.97112551,40.75127736,13.19753086
107,160819,47.4179046,24.09292434,59.20071633,41.99255063,39.69991108,12.07071304,0.237534122,34.31373159,0.011814524,18.61098502,2.563820423,46.2019691,54528,2.446504548,0.091183256,2.058836332,14.01078231,64540,15.8,9.228599908,2,-73.98500434,40.76329703,11.23684211
108,120693,50.7171087,19.04335794,67.49107239,36.58124332,54.6046581,2.175768272,0.244421797,31.68452189,0.009114033,35.11222689,4.581759778,41.77644942,46074,2.275057516,0.123917709,3.787295038,13.84173067,67643,19.2,5.508062672,2,-73.95652002,40.77278741,9.263157895
109,248696,47.9291987,19.30911635,60.6101425,46.12016277,32.6474893,2.560555859,0.325296748,52.27184997,0.047045389,17.61709075,3.389121825,50.16679554,86099,2.50044716,0.082643066,3.197880143,16.26885837,54602,18,6.096526273,2,-73.98169683,40.77939053,14.23076923
110,167941,51.61395966,24.17098862,62.20339286,35.67741052,35.74112337,7.716400403,0.685359739,34.05183963,0.003572683,51.54369689,9.466634966,53.11348563,50472,2.695573783,0.061884829,3.706063439,20.48933852,45901,28.4,6.080636029,2,-73.96555533,40.78247566,14.13513514
111,119979,48.19843473,20.60110519,58.14267497,47.14241659,48.35012794,2.164545462,0.078347044,42.92167796,0.049175272,11.69037915,0.717241379,39.66711854,43500,2.433356322,0.09152435,1.579443069,7.43880179,79454,11.1,5.760040915,2,-73.94453596,40.7911915,9.888888889
112,114936,46.69294216,18.7921974,60.14912647,42.8943064,62.0493144,3.271385815,0.291466555,27.15337231,0.062643558,15.75833507,2.773037543,41.93957768,51568,2.017646603,0.187747964,1.55738846,11.66910281,68212,10.8,5.718517564,2,-73.97007366,40.79561213,12.87878788
113,136011,45.35147892,25.458235,59.05257663,27.08898545,3.296792171,84.01673394,0.293358625,3.092396938,0.044114079,9.435266265,1.299673874,42.44340682,41395,2.623819302,0.072405908,1.194756306,10.77118762,64390,16.5,10.44927636,2,-73.93040596,40.79664779,10.90740741
114,177641,49.12379462,16.21697694,69.37080967,33.73489228,62.47037565,7.077195017,0.395741974,16.60033438,0.075995969,27.07426776,2.313020861,37.54215921,75356,2.110833908,0.143322769,2.113813816,16.16293536,57768,17.7,7.508877808,2,-73.95890074,40.81198433,8.684931507
115,167532,51.20156149,23.49103455,62.78442327,32.67196715,43.93847146,6.535467851,0.493637037,18.1666786,0.085356827,64.74882411,7.126118858,51.09184423,52062,2.582516999,0.080653248,3.544397488,18.34455507,51589,28.9,6.628379995,2,-73.95103617,40.80462409,12.5027027
120,112531,48.56350694,27.41999982,57.67921728,34.29810452,56.01123246,24.84737539,0.320800491,7.118927229,0.023104744,28.40994926,1.778143548,42.75625608,40098,2.470896304,0.100381228,1.031715705,20.2486426,60728,18.4,7.128593862,2,-73.94955811,40.82607932,12.97350993
121,119655,48.72341315,24.8071539,58.39956542,41.16418035,66.6257156,13.39267059,0.173833104,12.21846141,0.1320463,22.18628557,1.279623155,43.69945827,41184,2.613660645,0.074205006,0.834900338,14.32451632,70419,0,5.810890717,2,-73.94067199,40.81926624,9.5
122,138707,47.46047424,22.55617957,57.70725342,44.87012191,85.88751829,2.809519347,0.30928504,7.600193213,0.018744548,12.10032659,0.744736524,43.61015167,49682,2.563805805,0.082151586,0.894691688,9.479694608,79690,12,6.585427926,2,-73.94045526,40.84108032,11.64864865
123,102426,49.12034054,24.522094,58.81123933,46.42473591,91.3049421,1.033917169,0.132778787,4.763438971,0.040028899,9.585456818,0.664802556,31.0851927,35048,2.717187857,0.059398981,0.698064944,7.277449085,89655,10,5.151545665,2,-73.92708302,40.86207717,6.684210526
13,95123,46.46825689,12.59947647,71.74920892,29.13175573,76.70279533,3.917033735,0.312227327,14.28466302,0,10.41809026,2.708307667,30.80847074,48702,1.693195351,0.270786245,0.643377522,10.28457891,111452,7.7,4.372153136,2,-73.91646993,40.81090889,7.356164384
14,24507,50.41008691,9.20961358,77.3942139,24.4746399,65.5567797,5.863630799,0.093850737,23.5279716,0,10.25421308,2.29165184,34.85709214,14051,1.544231727,0.347574162,0.644713755,13.76341453,100329,9.2,5.256150507,2,-73.88777595,40.81344744,8.964912281
17,71868,45.71158235,9.456225302,67.67963489,34.42978794,76.6405076,2.803751322,0.079312072,17.09940446,0.008348639,6.478543997,1.863714375,33.83050298,41369,1.599313496,0.328407636,0.317248289,6.723437413,117403,6.6,3.569548492,2,-73.8986401,40.83255501,7.9
18,56201,52.24818064,7.613743528,76.44525898,26.09206242,69.9240227,5.747228697,0.592516147,16.51038238,0.097863027,16.09046102,2.448267565,34.09148805,33248,1.54397257,0.356310386,0.823828757,11.42328428,101848,8.4,5.21120004,2,-73.86152235,40.8247404,9.74025974
19,221455,43.80122372,15.28211149,62.53460071,39.54798943,82.67503556,3.264320065,0.170689305,9.36759161,0.095278951,8.946738615,1.505287806,32.04199378,116589,1.787835902,0.259908334,0.364408119,6.555282111,119357,6.2,3.759794561,2,-73.92079809,40.83380528,10.42
20,99657,45.74992223,15.1720401,63.36132936,37.48858585,82.22904563,3.724775982,0.150516271,9.962170244,0.019065394,9.267788515,1.460865657,31.05229572,53393,1.74906823,0.279187614,0.598051316,7.479655217,120717,6.3,4.364756388,2,-73.81679081,40.84885248,7.425
23,75423,45.76322872,22.56606075,62.79119102,21.77717672,36.82828845,27.66397518,0.245283269,9.243864604,0.155125094,46.09204089,2.84197168,37.1537658,29944,2.061848784,0.158718163,2.557575275,27.85622423,38155,24,10.92321252,2,-73.85232388,40.88693601,11.26724138
24,106892,44.80597238,17.68794671,61.40777607,35.71735958,67.37454627,11.63043072,0.71941773,8.469296112,0,21.69385922,1.715084357,33.10055866,50085,1.9224119,0.209613442,1.121692924,13.73255248,91730,10,6.778182058,2,-73.8876233,40.849877,8.054545455
25,50488,47.85493583,25.80613215,60.09546823,17.64775788,20.11765172,46.40508636,0.570432578,5.203216606,0.085168753,42.63785454,4.240102171,35.4505822,19575,2.05302682,0.159107115,1.91134527,39.69061955,29968,30.7,9.916187506,2,-73.85372729,40.85609293,13.16101695
26,49121,44.76496814,22.2084241,64.59966206,21.72390627,45.9579406,23.1102787,0.384764154,13.84540217,0.081431567,24.78573319,2.042304887,38.82505027,16452,2.058837831,0.125689624,0.899818815,22.70108508,54595,16,5.622953977,2,-73.90046484,40.89245022,12.04166667
28,53354,47.10986993,22.3151029,67.10462196,23.18664018,25.01030851,56.27131986,0.219290025,5.064287589,0.058102485,19.91415826,1.62959381,34.5385797,20680,2.100918762,0.153353076,1.394459647,27.44499007,53978,19.2,7.530565874,2,-73.88634903,40.86636771,9.594202899
30,64086,49.62082202,19.69072808,67.80732141,21.3026246,28.71453984,33.30056487,0.385419592,3.699716007,0.001560403,50.10142621,3.496473422,43.0451311,23252,2.200842938,0.12863964,2.440470618,25.681116,42767,26.7,9.750597331,2,-73.98212428,40.5806481,9.10989011
32,79643,46.17354946,24.40515802,63.94284495,16.34167472,14.12804641,66.14391723,0.617756739,2.037843878,0.125560313,26.00856321,2.078163772,39.97003439,32240,2.033901985,0.1733109,1.883404693,29.29698781,37630,22,14.85753218,2,-73.94913336,40.59425158,8.986577181
33,86053,49.92272204,18.60829954,67.01102809,23.86901096,31.91870127,16.30855403,1.471186362,3.42811988,0.076696919,72.7284348,5.406399412,46.34865705,27190,2.364582567,0.099368994,2.941210649,27.2030028,41875,29.9,13.04724293,2,-73.99363596,40.60722178,13.27777778
34,123226,48.70644182,20.47538669,63.88749128,28.34304449,40.89072111,9.755246458,0.560758282,2.544917469,0.102251148,68.26643728,4.912949607,43.64754626,43538,2.264504571,0.117702433,2.444289355,22.64944086,50373,26.5,11.1923974,2,-73.91000935,40.60766602,12.41573034
40,98664,47.04046055,34.66208546,55.27953458,18.01974378,11.84525257,32.53162248,0.773331712,0.674004703,0.155071759,67.98528339,3.906107843,44.80906339,32974,2.46627646,0.09899254,2.718316711,43.57009649,23625,38.8,12.90745839,2,-73.98326777,40.63122775,9.970760234
41,55982,48.76746097,32.0603051,57.01118217,17.70033225,11.64660069,28.4716516,0.476939016,1.230752742,0.100032153,73.60758815,3.951076542,48.78211343,17742,2.495434562,0.090743453,4.371047837,38.61598371,25250,38.1,10.60662797,2,-73.93381412,40.64805306,10.92553191
42,85180,46.07536981,33.33176802,56.4921343,19.94364874,9.828598263,40.48602958,0.41441653,0.561164593,0,60.35806527,5.984931555,45.00094787,28271,2.474090057,0.098661658,3.395163184,41.37356187,24296,35.5,14.27683198,2,-74.0234584,40.62325767,9.846153846
43,179719,46.70068273,27.3916503,58.89861395,24.77812585,22.71657421,34.78207646,0.642669946,6.575264719,0,58.54528458,4.477051642,46.51216011,61268,2.438434419,0.097596804,2.58347754,29.35081989,38166,28.4,13.11268378,2,-73.89204449,40.63460454,9.825
44,147162,46.08934372,31.14255039,57.97488482,22.11236596,10.23429962,34.74266455,0.607493782,1.87752273,0.016308558,64.24212772,8.421677215,52.35776852,50560,2.41275712,0.107616097,2.702463951,36.77036191,27663,34.3,12.82652274,2,-73.95911931,40.63184938,10.17816092
45,125705,46.54150591,21.35953224,57.44560678,32.34000239,41.52420349,25.93691579,0.202855893,5.099240285,0.008750646,40.61095422,1.858445327,38.14744258,48589,2.222375435,0.136915795,1.727059385,12.62559166,58355,16.5,9.355347164,2,-73.94692561,40.66280012,9.357142857
46,128570,46.08695652,31.76946411,59.00832231,21.50346115,11.1052345,30.40989344,0.6930077,1.36657074,0.086334293,69.52943922,7.694133846,56.63773233,42123,2.50060537,0.091529906,2.614140157,41.42179358,25109,34.4,13.27558316,2,-74.00113444,40.65197148,10.71910112
47,162243,45.56991673,26.27786715,58.56955308,26.12747545,12.34814445,67.46177031,0.786474609,2.633703765,0.102932022,23.96713572,3.334956183,47.71847507,53404,2.49700397,0.088213359,1.320241859,19.52071892,48641,19.8,13.24897013,2,-73.91094406,40.66816181,8.954314721
48,88198,46.93303703,34.08127168,56.10104538,18.82355609,16.68972086,27.99043062,0.2346992,0.972811175,0.034014377,65.36769541,4.390649927,53.31191392,28834,2.42734272,0.099786843,1.920678473,42.47375224,23770,36.6,18.08437543,2,-73.87739083,40.66442617,11.81294964
49,120951,48.34602442,24.81087382,59.13717125,31.42346901,33.62684062,23.93117874,0.666385561,7.154136799,0.042992617,46.73545485,3.984616508,44.51426805,41083,2.432733734,0.095145968,2.302585344,19.65424015,49002,21.1,11.9637821,2,-74.00321647,40.67924398,9.59375
5,51123,51.17266201,13.82547973,66.87987794,34.25659684,29.87891947,6.724957456,0.160397473,56.03935606,0.015648534,12.74964302,4.925177975,41.54291535,20649,2.03796794,0.162001447,5.682373883,22.26786378,55168,25.9,7.442409923,2,-73.94490511,40.6740235,6.394736842
50,95723,47.52253899,23.36324603,56.31352966,31.75934728,47.59775603,14.45420641,0.538010718,5.475173156,0.064770222,44.34670873,3.277842653,40.79165974,36823,2.194335062,0.13430419,1.784315159,15.1750363,66591,17.3,8.915054668,2,-73.9769143,40.66935158,10.90196078
52,141153,47.93592768,28.68872783,60.07594596,24.25878302,17.34571706,19.15155895,0.692865189,6.178402159,0.028338045,69.80085439,6.977455257,52.37263337,49058,2.393391496,0.107273668,2.543339497,31.48215057,33690,30.9,13.85893305,2,-73.94918461,40.68924222,11.37671233
6,60826,49.94245882,12.38450663,70.60138756,28.05050472,85.3796074,1.964620393,0.254825239,8.708447046,0.006576135,5.60944333,2.309850834,31.9810653,33855,1.592940481,0.319698813,0.133166738,5.823167724,116470,6.7,4.50461389,2,-73.92931716,40.68565666,6.931818182
60,98445,45.71283458,21.07979075,53.2937173,37.03184519,63.60404287,12.80207222,0.320991417,13.56696633,0.023363299,15.36797196,3.271759938,43.09690449,40223,2.19441613,0.144537559,2.423688354,25.75143481,36928,19.1,11.45449521,2,-73.91684069,40.69455472,9.928571429
61,283298,47.7705455,24.70861072,56.49704551,40.6271841,59.30927857,22.72024511,0.187435139,12.20622807,0.111190337,9.39293606,2.658699487,43.95757148,100914,2.48008205,0.092732741,1.831993166,13.57686959,62436,13.6,8.50945495,2,-73.98890042,40.69482046,9.109375
62,189342,48.9870182,22.59192361,60.32575974,44.30290163,50.53448258,1.140792851,0.205976487,39.01722808,0.018485069,14.31219698,3.698401712,44.01041033,63568,2.627863076,0.074600458,3.524310507,17.90516631,51694,18,8.444751969,2,-73.97037202,40.69273295,13.46551724
63,121119,47.08427249,25.92574245,56.88042339,36.7465055,41.49637959,47.62506295,0.075132721,5.715866214,0.009081977,9.386636283,2.209972313,41.91475691,40091,2.620288843,0.071186189,1.278081886,9.268570579,74040,12.4,8.760934848,2,-73.94662884,40.70868568,6.265306122
66,193031,50.37688247,36.78165683,50.57788645,39.69310629,68.44289259,2.524983034,0.378177598,18.72600774,0.007770773,12.82488305,7.317515271,56.48343532,55169,2.748663199,0.058555362,2.457636338,32.27305459,43942,22.2,6.306728868,2,-73.94772923,40.72507355,12.94915254
67,155394,43.42510007,24.97200664,58.12579636,25.52543856,3.53295494,89.71388857,0.137714455,1.521294258,0.00707878,7.651518077,3.045903046,46.94536273,55944,2.39469827,0.105126324,1.292842709,17.27544178,47462,17.5,9.244107636,2,-73.85334313,40.58480551,11.08636364
68,128689,48.10279045,22.32669459,60.043982,41.92122093,63.50426221,1.711879026,0.410291478,25.06041697,0.020203747,15.60739457,4.555125529,41.4406639,49351,2.341512837,0.121634328,2.094196085,16.63312327,61104,15.8,7.812946825,2,-73.76332247,40.60044418,12.08333333
69,90179,44.06347376,25.60241298,60.18585258,29.80183857,6.031337673,86.51681655,0.490136285,2.854323069,0,6.318544229,5.807423641,39.98283148,29204,2.610704013,0.071646392,1.715476996,14.68634605,63390,16.5,8.545865039,2,-73.84161079,40.69638104,9.094594595
7,55326,46.57665474,16.48230488,61.59671764,29.75273831,34.80461266,10.13809059,0.327151791,33.52131005,0,32.26511947,1.944569534,35.58904649,24427,1.943341385,0.198026244,3.660123631,28.06637024,39698,21.5,9.102790805,2,-73.78603783,40.70367532,7.271186441
70,163432,46.79438543,27.50807675,58.1593568,32.97701796,41.46739929,36.03394684,0.23312448,9.953375104,0.006730628,15.33543003,6.355821374,47.67599529,57349,2.418350799,0.10002937,1.921288365,21.41135151,49086,17.7,8.742854277,2,-73.89053162,40.71079814,11.94915254
71,103547,45.42285146,24.73369581,60.49909703,25.46766203,24.32421992,66.87204844,0.195080495,1.968188359,0.079191092,9.679662376,3.554219989,46.15575013,38602,2.296694472,0.11733802,1.334659623,21.14305581,46018,18.3,11.2376968,2,-73.73684515,40.70008722,9.309278351
72,131348,50.86563937,24.97411457,64.23698876,37.11742851,39.2796236,3.600359351,0.52836739,26.5668301,0.024362762,43.92072966,6.396396396,47.4320344,41070,2.692354517,0.062383896,3.095593386,26.61631696,59980,28.1,7.643941564,2,-73.83273771,40.66926289,11.97087379
73,90971,43.04118895,30.36242319,57.41719889,18.29374196,5.978828418,79.73090325,0.368249222,1.698343428,0,20.75826362,2.550818273,46.34101853,32813,2.284125194,0.123786701,2.039111365,35.34093282,31002,27.3,13.21148118,2,-73.79737263,40.72615068,10.01041667
75,183114,45.41160152,29.4057254,58.23858361,23.83214828,20.18141704,60.27447383,0.417226427,3.889926494,0.117413196,35.23105825,3.361237547,43.34250657,62834,2.488907279,0.098359492,2.130366875,30.20358902,36835,28.4,10.938835,2,-73.92301859,40.74048856,11.1143695
76,47632,46.85505542,21.22732617,65.58196171,36.50277125,66.78913336,13.3481693,0.277124622,5.311555257,0,20.03065166,2.124603803,27.77471771,20192,2.19260103,0.12676352,1.049714478,14.21313403,99554,13.8,8.402456103,2,-73.81560351,40.77165333,9.666666667
77,93269,45.65075213,20.89333005,66.34144249,20.76145343,23.04731476,62.66283545,0.280907912,4.092463734,0,12.63120651,2.585483666,40.05731523,39335,2.105936189,0.15692245,1.113982138,25.14447458,50219,18.5,8.549798181,2,-73.85980459,40.74367932,11.07017544
78,74056,48.21756509,20.1037053,68.68856001,39.03262396,72.60721616,7.84811494,0.212001728,7.073025818,0,14.80771308,1.666772898,27.68101711,31378,2.225348971,0.123906233,0.783191099,7.644215189,113612,8.7,4.842261275,2,-73.75922493,40.75669189,11.13793103
79,94832,47.48186266,26.63657837,62.66450143,21.15846971,30.0278387,54.15366121,0.45343344,3.798295934,0.044288848,20.36759744,3.839690808,41.54126924,35706,2.251386322,0.126001772,1.105112198,30.87987177,44781,22.6,12.90523816,2,-73.8497444,40.72245312,9.6
81,66851,45.93349389,24.60845761,62.39846824,20.50530284,13.80981586,73.40653094,0.550477929,3.503313339,0,15.28922529,1.444215204,45.1889004,25204,2.301261704,0.122391587,1.247550523,27.30250856,43177,23.2,11.86077644,2,-73.78140204,40.66104389,7.028301887
83,118764,49.85349096,24.92253545,65.2108383,23.33788017,43.06018659,29.63271698,0.794853659,5.1404466,0,61.25425213,4.541377278,48.58278864,39019,2.575796407,0.080916776,2.35677478,27.60937658,43647,31.5,12.77256688,2,-73.91438155,40.77002321,12.4691358
84,56684,49.39312681,17.89923082,69.74278456,36.62761979,63.76578929,13.52939101,0.08467998,11.06485075,0.183473291,13.60877849,3.353303044,26.9891945,24871,1.986208838,0.169942135,0.917366453,15.46115306,113033,12.6,6.43045388,2,-73.87621675,40.76260669,14.96296296
88,58355,46.24111044,19.92288579,66.07317282,27.46465598,39.13117985,39.83891697,0.126810042,8.45857253,0.023991089,16.3961957,2.328557863,32.3769522,24221,2.073035795,0.155547939,1.069317111,17.9144889,72630,13.8,9.06151747,2,-74.09642245,40.62527017,10.18604651
9,75941,48.64565913,14.61134302,72.21527238,21.58122753,62.52485482,8.363071332,0.175135961,13.62768465,0.118513056,22.80586245,2.470622875,33.96007215,37359,1.683503306,0.265456078,1.535402484,20.12615056,70025,17.1,6.131776334,2,-74.16620714,40.60683461,10.17808219
90,125530,49.94343982,31.94535171,57.88974747,28.54297777,70.49071935,9.655859157,0.500278818,6.078228312,0.054170318,30.12586633,5.175660908,41.80377498,43009,2.400288312,0.093109217,1.768501553,35.1390106,46699,25,7.80107601,2,-74.11591596,40.57553713,11.27710843
94,60005,49.35088743,12.01233231,78.22681443,32.16065328,79.14507124,4.141321557,0.264977919,7.581034914,0.01499875,14.93542205,1.736412572,35.06807202,28795,1.970480986,0.181701525,0.94992084,11.92067328,82683,11.6,5.146118505,2,-74.20585733,40.53682113,6.375
10A17,42909.93979,49.78065325,25.00112797,61.31150292,0.215373407,61.1515214,5.333056422,0.784998716,10.46698067,0.166503489,40.19581707,4.275779836,53.4266285,14634.89535,0.156617778,2.830207238,17.23863833,16.17350108,67136.24697,5.315234882,5.831413691,1,-118.3466487,34.26958047,25.93333333
10A21,78011.79833,49.0012316,25.08151574,62.75592347,0.213103959,72.17561817,5.381531852,0.878606285,12.51968757,0.382969002,50.31291676,5.316657948,55.10470204,23427.55013,0.144085396,3.270314164,24.95942757,20.52718797,51876.18183,5.392939468,4.708645362,1,-118.283479,34.25185961,22.61111111
10A3,79363.29566,49.12464778,25.26157949,62.79606638,0.212325768,71.37865045,5.454419182,0.903123489,12.6974982,0.398356645,51.61437538,5.469677432,55.42948419,23712.68975,0.144068118,3.303417622,25.57371812,20.73073174,51433.13668,5.515166117,4.590755407,1,-118.4664377,33.99562065,17.77419355
10A39,55385.43563,50.69602149,27.49784203,62.39510337,0.194674895,47.4962726,5.699552712,0.999921528,9.399262366,0.199984306,56.99552712,5.99952917,54.49572329,18092.58013,0.162051549,3.049760661,24.29809314,19.59846196,49760.09494,6.69947424,6.399497781,1,-118.4145824,33.99541106,18.69444444
10A83,29650.73889,48.25808912,21.360597,60.31628022,0.284731584,81.53334086,4.960054009,0.331281418,9.699301904,0.402498829,16.81554301,1.040369768,52.17981046,11629.27403,0.144444052,2.5233241,6.705126334,11.23812838,69325.92921,4.421290586,4.612946641,1,-118.409466,33.94202363,14.97142857
10A99,24593.70415,47.42595155,20.08381894,60.52659194,0.29360149,86.6487904,4.28725021,0.415245948,10.2065386,0.105799125,10.82961086,0.725733007,48.62672496,10299.46683,0.145804481,2.358355953,5.301281919,10.10593389,90350.17745,2.225069825,5.91298682,1,-118.5266229,34.28731425,13.57142857
11A1,31055.10214,48.23227106,16.54157178,67.60905323,0.247063941,73.50922149,2.775658314,1.034764869,15.15308391,0.43106312,23.58491642,2.650354131,47.46531494,13186.40339,0.210411012,2.502093376,13.98998786,13.62988466,61230.20152,5.791876788,5.901943659,1,-118.5375904,34.23606391,22.26923077
11A17,34624.0037,48.38743475,20.15981335,62.17660083,0.243728536,66.3356519,2.948676979,1.457808337,22.68923967,0.471287622,30.36051653,2.289430609,46.83118343,11607.955,0.147425318,2.710306341,14.21607188,13.95154029,64512.26476,4.230379404,5.450238062,1,-118.5728664,34.2363856,25.26086957
11A25,45337.52121,48.58866867,24.49640203,62.69143326,0.216804826,54.87687439,4.148623991,1.779662878,22.50149003,0.477729728,45.94062907,3.201956616,43.66028059,15363.04071,0.174759761,2.824835834,16.95610949,15.53970247,67241.82631,6.096427142,5.596025651,1,-118.6322949,34.18847727,17.23529412
11A37,59643.57159,48.84229783,24.4563371,64.22244824,0.205007966,50.84826939,3.495877121,2.669484298,14.58784079,0.357922157,66.37168469,5.026650699,50.60031889,19143.42702,0.182355138,3.081573235,27.88602474,20.75306701,51936.3102,6.681597898,6.532534373,1,-118.5933463,34.19233552,20.28571429
11A51,41470.69431,50.65613432,18.79143324,68.75350683,0.19187398,46.57238566,3.311730711,0.900012011,17.60751272,0.400005338,48.1397949,12.91395796,50.25315467,15840.2714,0.217126605,2.792330808,26.95494286,25.35061797,38898.42223,7.228542869,7.057756882,1,-118.6298145,34.16699188,8.764705882
11A71,49974.04045,50.08219262,18.59046945,69.42407385,0.188589262,59.48356593,3.731369609,1.630751831,19.04824918,0.517005749,44.72931813,5.781513618,44.18569395,19438.67876,0.227310568,2.582256546,19.3853334,17.62880446,59606.60377,4.749968723,6.188350165,1,-118.3745433,34.18818153,20.6
11A89,36722.44601,48.64648567,21.23856218,63.99037114,0.238812599,65.91452208,3.342506203,0.900411374,17.04770106,0.199934122,40.08824323,4.939674206,54.48252228,12767.03613,0.1615716,2.899617478,24.06285459,21.14864002,44529.19693,6.625088544,6.501478758,1,-118.3994306,34.18207072,15.86956522
11A95,50672.92083,53.46947425,18.52627337,69.39787656,0.179009348,49.18652066,6.515002406,1.944440951,26.00560737,0.446888614,46.36026866,8.427090614,46.54776805,18494.73968,0.228591178,2.566324769,27.65646554,24.48243429,47204.17492,7.475978922,5.376338859,1,-118.3721057,34.17189075,15.53846154
12A15,59877.01756,49.18298006,32.24095865,60.20578202,0.142012993,28.5192583,22.11007887,1.440985663,1.105998765,0.05436033,75.17661743,11.29836343,66.6232857,16451.62566,0.16346788,3.719789259,49.29710068,39.00872705,28066.62174,7.377984342,6.591110637,1,-118.4538489,34.17514953,18.575
12A3,42248.49166,48.08380829,29.55327807,61.26391039,0.154962804,22.84758837,30.6830285,1.085378853,1.240369742,0.419311585,66.88340298,8.496993679,61.77364483,11826.8511,0.152962211,3.613399395,43.66232214,30.40632287,34315.2683,8.530339727,6.426655282,1,-118.4534451,34.20690027,18.02325581
12A31,41089.18947,46.25958255,24.42145627,61.79885461,0.184997738,23.27108586,60.30934462,1.524264822,1.98284359,0.456668532,34.45831954,2.327941701,63.28113757,15365.4182,0.146459424,2.684582587,20.07343346,20.40317321,42072.47909,7.896055208,9.391845172,1,-118.2110805,34.13437544,13.78947368
12A45,65628.98439,45.12857729,28.62641041,59.44094634,0.16249742,20.98061139,54.64791077,1.217399374,1.051917704,0.375942674,43.81090285,4.168747357,65.12751274,21078.15084,0.138385837,3.094734368,28.5734386,27.2423674,36521.80573,5.931179992,7.914900387,1,-118.2295359,34.10541507,12.30555556
12A49,87048.32012,47.21890817,32.96706062,58.8394557,0.150595028,25.41905351,34.61715096,1.099992667,0.684336654,0.184339987,64.33877716,7.898545318,66.3753683,25408.16692,0.150889928,3.609997893,39.80762313,35.70580925,30536.77108,8.178239397,7.066152217,1,-118.3457618,34.09964892,15.9375
12A51,31690.06049,45.88236445,24.54518681,61.95116523,0.184472092,21.70582159,64.48602844,1.264952759,1.966276965,0.906329634,29.99401942,2.474990587,57.31670039,11693.66892,0.147031195,2.706433872,17.17575851,17.46773672,49657.18769,7.107829653,8.932747641,1,-118.3236431,34.09569107,19.21621622
12A53,68314.36294,45.33505936,29.0198061,59.41537503,0.160904773,21.44490027,52.67521106,1.20450907,1.013237246,0.356601894,45.82264837,4.491132,65.22446266,21736.57089,0.140224945,3.134397158,29.56644106,28.18378589,35836.90497,6.169755078,7.792429099,1,-118.4292322,34.04407444,13.33333333
12A57,79203.81533,47.77614289,34.8957016,57.94635343,0.148673683,25.97271577,29.40260509,1.100172928,0.645199034,0.145120431,69.9620371,9.901577717,67.32823994,21264.808,0.151044482,3.999162157,45.3483635,35.47616196,31165.84657,8.375828433,7.734556191,1,-118.2087828,34.06863335,19.96296296
12A67,79150.11697,47.76369919,34.89696122,57.92059049,0.148609416,25.96765615,29.35715104,1.099800337,0.644713637,0.144804393,69.97650861,9.911835781,67.3118435,21229.40406,0.150994947,4.000449988,45.37063704,35.46254604,31159.5353,8.374326273,7.73647389,1,-118.2115772,34.04864892,16.26666667
12A69,59800.88446,50.53215851,35.99317734,57.32787859,0.162130603,35.20880459,11.5541311,1.185260466,0.259109937,0.014776231,88.07846169,13.56399203,60.22025492,14023.19674,0.15528743,4.325816958,56.47429144,33.07039767,33962.78212,7.577532246,7.733212242,1,-118.1937413,34.05444218,10.58823529
12A73,48951.03989,43.88066543,26.20313012,59.61619406,0.1763945,18.11773534,66.77624315,1.291398455,1.292277077,0.500208798,31.43426444,2.193267867,64.46158887,16995.61164,0.123005827,2.851384826,22.44045182,21.43381793,40849.67663,4.469785489,8.655020829,1,-118.2176044,34.03899343,16.09090909
13A13,74474.65361,50.20761902,31.10721471,62.41390533,0.137029739,35.6160885,9.683314804,1.391705545,7.927875691,0.294770465,75.64934218,17.03130729,61.33731294,17668.08488,0.163015189,3.937328876,51.42422651,41.4407977,28826.46721,6.644528225,5.934820002,1,-118.1728102,34.0813073,18.04166667
13A27,101000.61,49.55963339,36.10930257,58.45639148,0.139487195,37.44296232,8.89994003,1.348399933,0.806861596,0.192628562,89.94093594,18.43505384,63.15635981,22430.32952,0.159833292,4.604701087,62.25117152,40.27158093,31077.22806,7.581523563,5.521570107,1,-118.207616,34.02223863,16.70588235
13A41,73647.23237,49.58518535,31.82963444,61.67333306,0.135709365,33.17688363,13.09885797,1.346943587,6.587681285,0.222171167,74.64340118,14.40473336,65.35214941,17994.99938,0.163052648,4.004609194,51.03253735,42.12099168,27685.58395,7.111147008,6.167469504,1,-118.2700638,34.06202361,14.26315789
13A43,104758.3633,49.71858574,35.81338771,58.72195136,0.139601903,37.21391126,8.903328231,1.400523542,0.700261771,0.200074792,90.13369366,18.80703042,63.42370897,23266.69753,0.159961111,4.626729558,62.22326022,39.11462178,31695.8485,7.602842085,5.402019376,1,-118.3720304,34.06943068,6.090909091
13A61,92604.82575,49.6310435,34.9139163,59.11030849,0.139775059,35.02492461,12.15428646,1.428457193,0.812336493,0.143999254,86.3713088,16.84356756,64.51251055,21454.2917,0.160933986,4.378335707,58.91130518,39.44827772,30416.84508,7.490191247,5.738014484,1,-118.3531667,34.06389102,21.72413793
13A75,99184.33774,49.48842611,36.26804458,58.33246226,0.139305046,37.56777142,8.900021686,1.32201052,0.861558409,0.188858646,89.86066995,18.24852465,63.03247371,22007.0507,0.15962653,4.594371205,62.27814445,40.87164809,30767.10364,7.572163915,5.583853544,1,-118.3399969,34.04108516,28.75
13A85,77203.96942,50.07372947,35.53063912,58.17211204,0.148392569,35.26030235,11.62653808,1.303495959,0.526615151,0.084245087,87.48292291,15.35575601,62.29146536,17886.34808,0.158608425,4.372803495,57.93918694,36.22302185,32290.41769,7.546686275,6.712966745,1,-118.304604,34.0598387,10.38461538
13A9,31437.63691,56.77368754,25.38918327,67.75140041,0.146758886,42.9500227,15.09781454,1.389901954,3.764301854,0.080859169,70.28354707,14.59395332,47.94278907,7751.705287,0.159188952,3.29009154,50.54043278,46.99973751,21378.7553,6.201580483,7.538701497,1,-118.2958981,34.06005919,17.27272727
13A93,64522.86959,49.60021588,36.47399495,57.14471448,0.154162349,31.46509432,16.70474145,1.148760897,0.408899718,0.052452428,82.9971301,12.9856343,63.79114674,15127.87804,0.15322598,4.378554732,54.41150034,34.01555733,33047.36612,8.022755851,8.059938607,1,-118.2471541,34.04581562,12.4
14A11,25133.20009,50.91404702,12.33888773,73.61823771,0.230051339,84.03645029,6.989124521,1.256041008,7.959497612,0.292181642,14.33484409,1.152951249,39.50987264,13092.98777,0.230162979,1.945293484,5.019052634,12.4070929,90771.03164,6.848223013,5.725387254,1,-118.2481984,34.01207915,20.91666667
14A13,27343.48968,51.8843179,13.62310678,73.82026802,0.218078413,86.01083269,7.289353647,2.207938011,6.158974804,0.204155311,19.35327518,1.195554881,41.89552317,13845.75821,0.228991764,2.027938183,6.910420009,11.17250126,82473.72421,1.962557368,6.639859094,1,-118.2621309,34.01112156,30.77777778
14A25,41520.30308,50.05836222,17.39814892,68.22156254,0.232299346,76.79779567,5.281754276,3.069333,14.26948534,0.294992085,22.23796809,1.781443925,41.28046915,18526.20229,0.19811657,2.240855682,8.19279065,10.66528876,78827.91758,3.259933113,5.215886155,1,-118.2697784,33.99985769,23.68
14A27,50218.11781,49.43101717,16.80796053,71.93946488,0.172937009,66.61226537,9.535856387,0.850467064,21.44472974,0.495765686,26.49234042,3.789140149,39.32079302,19131.08825,0.230932656,2.32154236,8.675845477,12.81530371,68217.28666,3.490843651,4.352128966,1,-118.2474927,33.99660639,13.97058824
14A45,38161.92899,49.69069828,16.22205264,70.70607885,0.237123312,71.9603206,7.138555549,2.23967481,16.12820256,0.299267633,19.60966654,1.620209471,40.49874852,17026.10522,0.209929765,2.182845195,7.210823641,11.94844422,88372.6032,6.010760715,4.876024547,1,-118.359131,34.01294955,21.84210526
14A49,38868.39841,48.94356326,20.36591409,64.54869974,0.240169273,66.78842192,8.600433055,2.204655242,18.31463431,0.530260266,32.30357232,2.576839614,40.61543518,15874.37576,0.180260422,2.453811074,12.73768696,11.13064095,73130.97093,3.600129288,5.176932989,1,-118.3118331,34.0191244,23.26315789
14A67,28173.37477,48.20441781,28.58892857,61.27467235,0.1940456,44.1645848,24.91953209,1.529022113,6.120282169,0.449901213,53.9683284,7.42238197,51.61347831,8883.252797,0.167819746,3.322255686,28.35715077,20.89968492,54627.65298,7.985862426,7.561213663,1,-118.290447,34.01914222,14.2826087
14A73,23732.04042,48.88136817,16.3394598,70.83759617,0.229503687,70.37747337,10.58942315,1.93643871,16.92110068,0.563864435,15.43841483,1.28052571,40.07201028,9962.730817,0.195371864,2.15641401,3.283790159,9.270849973,87818.27299,2.909306534,5.053029697,1,-118.3427965,34.01408762,18.85714286
15A21,53654.81508,49.59817206,25.37189209,63.93730524,0.21045056,62.31012878,4.56966612,1.365266775,8.120071799,0.414898859,59.9325847,7.302859598,60.52094963,15832.27773,0.172869722,3.370410784,30.868639,23.00846081,44486.78487,10.22898158,6.384294533,1,-118.2989569,34.00732103,19.04347826
15A27,45154.97616,50.22086863,24.38208996,64.3996778,0.217673056,65.72958983,5.210733091,0.916700376,7.436957231,0.486511213,52.70714506,5.234098457,55.25019829,15203.20177,0.171402379,3.033464957,26.22660707,20.31786769,46084.09357,9.433274718,6.241019872,1,-118.3054201,33.98156064,17.51851852
15A3,52713.18577,49.4355754,25.43590363,63.80174527,0.211279506,63.97106775,4.371983868,1.363801613,8.169378088,0.423953377,60.26494323,7.033758179,60.05820101,15480.07327,0.17184839,3.391218401,30.73713705,22.46467468,45970.21428,9.749545035,6.331967054,1,-118.3270781,33.97771931,20.64705882
15A33,41350.15204,50.1169467,23.18775521,65.28738971,0.215425268,69.71813075,6.315617284,0.970892472,7.14325445,0.475074573,45.99418127,4.142690662,54.09205497,14919.3414,0.178886661,2.852800236,22.14173693,18.50101458,46064.34205,9.817126581,6.686002664,1,-118.2805682,33.96397448,13.69230769
15A39,39366.3441,52.51108863,16.53550382,74.96433587,0.172676077,69.95463391,9.93615245,1.098937025,9.753784442,0.596668014,39.0393641,5.739276672,49.18530133,16894.22054,0.271239758,2.444141232,16.57392473,21.66018219,50400.55983,4.326663322,7.161892458,1,-118.3094103,33.95127257,12.07142857
15A43,32392.72986,49.27672207,18.70207801,69.42522005,0.200857295,79.65275436,8.830613727,1.562297066,8.541880826,0.437961037,26.07303455,1.736340638,49.67903854,14065.05004,0.217712438,2.374136506,9.461740698,13.26984067,55699.21878,8.648991013,7.604463033,1,-118.2813058,33.94682536,10.64705882
15A85,29680.33069,48.50938246,17.38883212,69.5763555,0.230525887,84.23584229,7.592618507,0.853080041,9.383923157,0.487743246,11.24325636,0.32802021,42.02534886,14145.45923,0.188455565,2.125906902,3.186591401,7.42774821,88837.35146,3.042426703,7.576617606,1,-118.2466118,33.93630611,24.25806452
16A11,76406.17257,50.22461818,29.27622651,61.70625776,0.208098973,62.43377787,3.469990001,1.295755397,4.135808018,0.254891903,87.97508141,5.997037829,54.83983189,17238.46661,0.166080365,4.356040762,42.7069168,18.94382181,54740.25016,5.930545027,6.779197591,1,-118.2806894,33.93655964,20.15217391
16A23,100596.744,50.24486387,28.76280561,62.0857107,0.207969976,62.02051331,3.689686964,1.010426088,5.947909427,0.103685542,85.86916685,5.66229913,56.46563538,22445.51551,0.165172446,4.421394995,44.98716253,19.87433571,53923.84069,6.287504123,7.664856526,1,-118.2343169,33.93638909,20.44897959
16A35,61003.97944,49.59158095,24.10898582,62.67600194,0.225700456,78.88296355,3.54292771,1.799760566,8.142866502,0.220890296,52.75989312,2.216518068,54.35318695,16720.35073,0.136111006,3.271331328,21.77061432,15.42270812,66053.98373,4.922106771,4.970634189,1,-118.2681115,33.92707386,16.3125
16A59,27069.36588,48.08381144,23.56745102,62.30731355,0.273460579,74.60918395,2.261676803,1.314853839,18.19425752,0.593616153,21.73158308,1.616494051,49.41429164,9160.803595,0.131179674,2.891290569,11.38272273,10.83041453,75223.60855,4.986307107,5.028987974,1,-118.2542736,33.79458908,16.15
16A77,39994.23968,48.26575179,25.62886548,61.90977666,0.237874797,74.23262458,2.452975554,0.781133759,12.25933625,0.329033515,49.84240692,3.985032836,52.01562665,11381.10201,0.1536614,3.343616013,24.1189615,14.99021203,62061.00286,5.137818443,5.734193262,1,-118.2471077,33.77779965,11.14285714
16A81,40330.5016,48.55574932,23.06345921,65.27416275,0.225088081,72.03304811,4.150245071,1.55210247,10.75055749,0.453482545,43.72388315,3.738409421,50.53105819,13548.24357,0.168917489,2.957745615,19.41967087,15.34694126,65161.58908,5.828076807,5.831188618,1,-118.2723957,33.76645715,21.46666667
17A23,37590.66764,49.39727236,21.07203904,61.10495847,0.299519001,64.19935868,4.329640336,0.872670796,26.47556521,0.445048323,20.26661932,1.313582802,47.67928932,13278.40657,0.115889968,2.714284261,7.996147175,7.89826201,87902.3827,4.457134533,3.892692353,1,-118.2624182,33.7321871,23.47619048
17A35,43698.29881,49.85532611,25.63909098,59.27051194,0.26865626,67.4640975,4.539580407,1.935149206,18.25674052,0.519889285,36.03845667,2.059583185,50.54785491,13799.48918,0.124594242,3.03491027,14.81927218,11.2187625,76375.04014,5.551954374,5.165806157,1,-118.3021692,33.72095133,25.29411765
17A49,53293.42628,50.01800059,24.23843552,61.50988382,0.26076466,60.62955045,5.719767458,1.097588057,17.83618688,0.565006698,38.44888019,2.734944109,54.06661817,16356.86303,0.127439163,3.186153766,14.17007527,12.14218715,73765.5988,5.513166982,5.133177223,1,-118.4714157,34.31043465,19.26315789
17A67,28001.06543,49.64536748,26.05088318,61.39022732,0.238246304,56.52461222,9.468888867,1.198421143,19.11873961,0.354682131,34.42508706,3.084297102,51.36688581,9356.363997,0.151114516,2.6063351,10.84079163,14.65508215,55579.33015,5.659854354,5.423609135,1,-118.4447416,34.23397147,15
17A81,40150.82096,50.87325207,22.96684726,64.11091162,0.245461141,55.80383394,6.115198888,1.094321595,19.54605087,0.273652938,39.98165369,3.512773881,53.50920473,12971.43066,0.151527692,3.067123558,16.22427542,13.8549962,67696.54293,6.755456122,4.602075905,1,-118.4525118,34.22779321,13.77419355
17A95,54946.94301,49.94053166,27.02699669,61.97620109,0.207031223,53.20600821,6.306706882,0.89346161,15.50130488,0.504250747,52.01093885,6.013554423,57.1097235,15729.76748,0.144035945,3.411189351,21.63863874,21.16740845,58882.09691,6.844812841,5.693173358,1,-118.4984635,34.18787491,17.41176471
18A1,80587.36236,47.67196651,34.55062737,58.09734947,0.149029011,25.87175964,30.32090332,1.100010438,0.652040891,0.152036146,68.95969172,9.546320693,67.15180431,21994.71586,0.151003244,3.929893723,44.36352773,35.5125452,31050.94285,8.339905618,7.615482299,1,-118.5390751,34.19070134,12.06666667
18A17,79511.58743,47.77660226,34.83604713,58.00876616,0.14882893,25.96308053,29.62198957,1.100682289,0.647044905,0.146734774,69.7731852,9.827257085,67.32228005,21438.14109,0.151111283,3.985696869,45.1512102,35.50186974,31155.67606,8.371970524,7.711835528,1,-118.5403244,34.21090184,14.97826087
18A26,81787.56229,48.96902047,32.5578591,59.69688641,0.182323984,56.0506189,6.591751063,1.023195067,0.865219986,0.237607029,90.67421181,9.063569312,55.70591055,19299.22084,0.158922328,4.254578585,46.87387785,23.32555494,43630.32451,9.224296975,7.037012504,1,-118.4859732,34.2057342,29.64705882
18A3,62218.54882,48.31312964,36.64341695,57.20655338,0.145742427,31.94579875,22.46073299,1.061638074,0.62884596,0.138361187,76.79293473,10.42329163,65.14664538,14762.15377,0.148935311,4.338801391,50.46546179,35.245286,32222.16811,8.063540365,8.1391869,1,-118.5446345,34.15436033,26.05882353
18A34,48053.26245,48.19241961,36.78472337,56.91316859,0.141218815,37.75257216,27.31648602,0.81472036,0.918939302,0.351638731,71.57345329,8.084617086,61.17041879,11425.64956,0.147055762,4.232824781,45.70460036,35.6797055,33737.42492,7.318558216,8.391756011,1,-118.4990988,34.14959291,20.64516129
18A35,47899.9792,48.81561663,38.14003052,56.10298664,0.136978543,39.17565025,29.27331923,0.659912208,1.108082955,0.472058447,69.70162615,7.391816855,59.66691263,11065.56199,0.146582255,4.346183176,44.55859463,36.38377917,34247.88294,7.603958379,9.128228461,1,-118.2854236,34.12880931,27.44827586
18A41,61653.24962,46.74752291,33.08927543,58.55476965,0.150216384,28.79068246,34.68330147,0.977364291,0.767876371,0.267853713,64.46510889,9.079304263,65.60157482,17483.11153,0.152368609,3.705680964,40.54953499,34.69556835,32885.48397,6.984135284,7.200966147,1,-118.1899466,34.12267544,12.375
18A49,51908.17007,48.82751065,37.4662355,56.63146273,0.146441021,42.0976294,25.91604468,0.747708545,1.09861494,0.448013555,72.80177582,7.951070151,59.28146646,11781.96956,0.151303739,4.377897484,44.88157045,34.26279981,36010.4075,8.08679852,8.646308138,1,-118.2018985,34.10856536,22.15
18A63,36009.66286,47.44055001,35.68773955,56.99948898,0.140077504,36.25432203,34.57270701,0.659949452,1.086733848,0.493366929,64.68059859,8.799494281,61.72576815,8700.59284,0.152265111,4.049781473,41.30713323,34.93391837,35611.75562,6.367086594,8.413769861,1,-118.2903197,34.09657686,13.23809524
18A97,52785.41793,47.51823267,26.42870094,60.70527409,0.205879297,27.33059036,23.76140619,0.912893265,21.04326118,0.439444314,50.43629226,6.372307813,57.35061288,16963.89493,0.149996244,3.109393326,25.70985745,22.78758986,42221.68752,6.803402762,5.996511488,1,-118.2668237,34.09752518,12.20689655
19A1,93804.39426,49.22494721,29.09864099,60.42054501,0.214658535,74.11759149,4.665995478,1.893509149,6.23206563,0.207604105,76.67284288,3.266707126,55.42199612,24091.43008,0.138118274,3.841813094,30.82490325,16.00804009,63771.99484,6.469142911,5.010141007,1,-118.2440861,34.08540971,23.7027027
19A43,27059.19255,50.24388503,25.86016116,62.33542016,0.22211442,60.77279146,2.687754817,1.532563612,6.645242734,0.226085681,79.2875317,4.291529046,53.47827412,6734.913847,0.16241601,3.81165824,32.5510209,13.9574983,61132.00424,5.363779841,5.998978589,1,-118.2899952,33.99497789,20.5
19A61,64033.10448,49.43926271,29.35558594,61.18715339,0.201652392,50.17748129,4.917651105,0.806062283,14.37526381,0.585240927,61.17838024,6.538825426,57.63319155,17369.18284,0.142870598,3.682306323,27.02449145,22.86639975,57930.35632,6.661338964,6.260704944,1,-118.3059706,33.99754841,16.13953488
19A7,87616.8525,49.35972858,29.22654016,60.53817638,0.214166879,72.91041761,4.48316163,1.874990392,5.646585131,0.238648293,78.45713697,3.651218948,55.10917755,22386.95686,0.139805537,3.893000828,31.86863137,16.22453389,62834.56899,6.348120706,5.066148721,1,-118.3344886,33.98851656,16.05405405
19A75,73039.94041,49.04907206,30.90108295,60.75329965,0.19648951,48.38951427,2.933659568,0.713030891,16.14164566,0.291346755,73.94314139,8.569155201,60.60695873,19097.35015,0.158885331,3.850575104,38.01646738,26.97663984,39726.50488,8.308939545,7.507643028,1,-118.2871481,33.98253425,31.6
19A79,95034.26266,50.03046034,28.76358527,61.92217754,0.207038778,60.85161289,3.578071844,0.991531592,6.984858093,0.130599846,84.06039531,5.907155091,56.88754654,21509.04985,0.164601363,4.328697167,43.75580846,20.38835311,52524.02297,6.520496849,7.587303502,1,-118.3045882,33.96721188,18.125
19A85,71761.2704,49.00149808,31.00092784,60.70185503,0.195905354,47.8014815,2.900110613,0.70002241,16.60048219,0.300012315,73.40210333,8.700242232,60.80181907,18950.56194,0.158585869,3.825115061,37.70103316,27.30078544,39096.39503,8.400237296,7.500215109,1,-118.2805764,33.97126882,24.62068966
19A93,71226.50868,49.05350902,30.86914932,60.77076613,0.195857889,47.8753246,2.98897715,0.713266565,16.34617006,0.297755359,72.86247961,8.61801961,60.62713869,18908.55541,0.158665374,3.800730549,37.28286642,27.05880601,39435.20852,8.36273569,7.462595878,1,-118.2628877,33.96745697,17.18181818
1A1,34555.9334,60.24456508,13.24911291,71.75751236,0.183190718,33.05838353,12.90455758,1.56487766,40.00811042,0.399397016,31.09764219,12.07776646,48.03847949,12056.57118,0.250994144,2.160799253,33.898525,31.52681067,33763.36242,11.42210767,3.130859684,1,-118.2588056,34.02855243,14.85
1A29,19986.85347,61.46076541,7.961099419,79.35049601,0.162876694,40.99718998,24.88155232,3.409906812,24.37218051,0.797932075,25.33907654,11.86506014,44.55172679,8360.813645,0.242828995,1.835742239,25.67088154,40.77289451,25493.32519,8.163027959,6.035687802,1,-118.2740022,34.01481726,5.441176471
1A35,11004.40316,62.29646315,3.063374606,82.38325722,0.151139498,47.03367072,27.43905877,3.703265488,19.5742722,0.993446979,16.58876342,10.59050095,42.28795152,6296.121215,0.279089803,1.451437819,18.45000421,42.27976076,23118.79502,4.363485159,6.910666827,1,-118.2662559,33.98981775,8.02
1A41,16602.38009,58.86892968,11.53826648,76.81137434,0.143037699,42.4677491,19.45783574,3.352934675,17.35512298,0.691642948,36.80708629,19.21719064,46.74656119,7856.191028,0.248326023,1.828174986,28.7330323,44.23130649,23618.75022,10.05575165,6.11560917,1,-118.2364778,34.02582464,7
1A61,20788.68505,52.11808181,23.55925662,67.047265,0.154885085,37.00187144,8.038204276,2.010254551,16.00811419,0.363875818,61.95916025,22.920885,51.08874466,8599.261835,0.21624492,2.343442323,37.76077845,40.79728129,28267.41125,8.316607727,5.684598304,1,-118.2705422,33.98058752,11.23076923
1A85,13327.64019,55.97392849,13.86433756,72.31983785,0.166193689,45.69962994,14.1669582,2.048292078,16.69840767,0.64869758,40.68135503,14.28072402,46.22930806,6466.334227,0.234152853,1.873172205,26.95252915,38.65145186,27043.07233,1.860312479,6.349822216,1,-118.4664874,33.98247417,15.1
20A1,51525.77852,49.33478425,20.9196621,69.60536453,0.198371409,36.37402145,5.471045799,0.922026043,35.66960077,0.743764616,43.85188485,14.018881,50.35505732,19378.82286,0.211525277,2.665064744,22.90490743,20.83699845,41246.15516,8.290244101,5.94184955,1,-118.4420084,34.01214748,17.625
20A13,55791.23035,49.35413168,21.32912536,69.17822749,0.200665566,39.17679078,5.172079595,0.863021617,33.10454642,0.794459833,45.63826991,13.53261949,49.54650246,20569.15836,0.207099522,2.740270969,23.29092657,20.33075507,42237.81015,8.035574223,5.947386169,1,-118.4129084,34.02439259,12.70833333
20A25,52337.79505,49.2123778,20.96807788,69.77622204,0.20051446,37.08990056,5.409772164,0.893811102,36.82541014,0.8,42.67915076,13.54071665,50.16384425,19718.92103,0.212274577,2.665651408,22.05732808,20.03094449,41853.98007,8.676222045,5.77785004,1,-118.4312849,33.98342261,9.37037037
20A33,41393.28474,49.78915992,21.49749323,68.6186328,0.175219102,22.95822615,6.158602524,1.273645939,36.47193001,0.389576514,49.45286802,19.94892878,53.80497534,16161.09001,0.220315957,2.626791276,29.57254561,26.80642621,34052.22926,7.76515771,6.913374053,1,-118.3821078,33.95824514,17.85
20A39,45834.56136,49.6061025,20.81978791,69.53956847,0.189781109,30.88302004,5.849973332,1.067164338,37.556345,0.602965957,44.39806967,16.24993365,51.62457471,17693.56449,0.217271882,2.614395536,24.84879993,23.19284455,38436.25247,8.330203942,6.168213808,1,-118.4232781,33.95761527,20
20A45,40442.63232,49.77241191,21.10997674,68.85777133,0.175737,22.9648321,6.167571349,1.264003679,37.40208373,0.386344175,48.280469,19.5058316,53.81213993,15835.69371,0.220810424,2.602330831,28.86655448,26.46905322,34428.70685,7.758643371,6.858763273,1,-118.4151055,34.20378503,18.65384615
20A53,55697.90736,49.81883878,23.3595661,65.98397534,0.179470402,26.5900917,9.892550269,1.401863345,24.08510542,0.2948499,57.94424298,19.46549583,52.72358579,19624.66265,0.190612178,2.898949845,33.88247708,26.45441197,36585.3913,7.22126832,7.243990297,1,-118.3865997,34.20148339,15.41176471
20A69,59675.70405,50.29298325,26.1811349,63.76980702,0.171824005,23.02844598,4.194070782,1.214887698,20.48367566,0.300169995,71.77868665,25.69505929,53.57293898,19244.35624,0.189312324,3.204600957,42.83678034,28.8589427,31975.04126,7.919286906,8.133607953,1,-118.3978968,34.16482555,23.79166667
20A71,60669.36064,49.44766289,25.52704712,63.81662953,0.177569984,26.18103837,16.05190427,1.570313027,15.07474033,0.275647351,62.67837728,16.91504618,53.53920757,19934.23219,0.175596615,3.142048104,36.13287222,26.28857109,36721.02875,7.772089341,7.478287996,1,-118.3479709,34.14373041,19.33333333
20A97,57344.45395,50.21200873,26.26299537,64.35006726,0.163312067,24.92477628,5.437510833,1.180846735,19.78985052,0.341275986,68.5899278,22.93716824,56.11796717,17898.1122,0.184954974,3.283260231,42.0692733,32.86485982,30081.61081,7.660756995,7.922396025,1,-118.3919924,34.13970405,26.09090909
21A1,44647.60199,48.86909994,25.5281903,61.24797756,0.236428228,59.4122515,4.878922104,1.009068744,17.17197796,0.504640671,37.12393477,3.521756831,53.60093551,14424.20028,0.14343829,3.081724725,16.94128419,14.33901271,71249.0905,4.554279708,4.690328906,1,-118.4215709,34.27583638,26.68181818
21A29,48304.29168,50.9774206,23.30714611,65.42562723,0.229828567,50.42460837,5.061296733,1.245433745,18.33001625,0.301012363,48.51792849,5.009440033,50.51960872,14791.53182,0.159682716,3.257281536,21.45536603,14.1672554,64590.30572,8.122129755,5.582661206,1,-118.4113184,34.25899299,15.26315789
21A43,31499.52885,49.13364636,24.49425477,61.23070705,0.265764226,72.83193821,4.615301959,1.448847866,16.85077584,0.938775696,24.26083469,2.289744014,49.155596,11218.67035,0.133931726,2.950132465,10.85649908,10.28909786,85722.384,4.307522946,4.851210596,1,-118.3616919,34.23673471,16.23529412
21A5,44693.3515,65.83152034,34.38101014,84.07930084,0.287603236,73.17873322,6.910857725,1.346952848,20.76309492,0.45537617,66.738313,6.92872218,70.91165655,18782.43699,0.215854258,4.169086053,31.34240224,23.96449561,76905.38054,8.93888462,6.382871471,1,-118.3828843,34.2173758,20.97222222
21A57,36413.87978,50.86083531,25.98535435,65.73157323,0.206188343,58.97871998,5.299620322,1.323555542,14.34230464,0.487652638,56.31758344,6.193561168,51.52309453,11697.47851,0.183362132,3.188009563,26.8913486,19.23350186,55128.23615,8.594217558,5.052971664,1,-118.5921968,34.26721123,26.5483871
21A73,31889.24623,48.58621781,24.66030092,59.44700612,0.292178622,82.23795013,4.482228203,0.880344785,13.9753877,0.300220614,9.532212303,0.658086476,52.89661652,12329.4949,0.116610976,2.600755198,3.184403323,8.276194165,102641.9372,4.048169933,4.16792848,1,-118.4914577,34.27741026,16.77272727
21A97,29385.71914,48.91595299,23.09240218,60.2474011,0.286223282,81.3902662,5.436630891,0.679547107,12.00557297,0.261445688,12.83022093,0.956250995,50.88515387,11532.22556,0.130582002,2.532958185,4.835564837,7.868951108,91021.96068,4.07852855,5.057924853,1,-118.4976539,34.23529727,13.4
2A1,46632.48372,50.64678751,20.85654296,67.85766178,0.190893923,41.00092049,3.576943862,0.872418385,20.55792582,0.512077853,54.1093999,14.70309308,51.07585286,16499.52668,0.201523092,2.927512325,29.67925637,25.69787955,37398.86508,7.523658432,6.851327616,1,-118.2819031,33.95578755,22.83333333
2A17,56948.22503,52.52559756,23.26426524,67.2608105,0.157164484,41.75833621,4.750803164,1.793683682,19.49077116,0.27954432,62.23413868,20.05353547,47.69742982,20439.82747,0.21825299,2.935567716,35.54236118,29.83795758,39311.40297,8.193659969,6.754693105,1,-118.239815,33.94789742,23.88235294
2A39,62449.12581,51.85076426,19.71291082,70.01677812,0.168598494,55.19153398,5.269016445,2.311320054,20.8493677,0.478692237,51.14259322,9.004230072,45.65358055,23300.83832,0.234661994,2.613383609,25.14453527,24.29359357,48648.96299,7.157815092,6.219371896,1,-118.2653958,33.95299357,19.19230769
2A45,48342.76766,53.98863071,25.53248099,65.24728541,0.145193695,27.73837932,5.204161039,1.296757945,20.61189077,0.109037036,69.20687967,29.96501946,49.96949363,16507.67091,0.20084954,3.13134356,45.25943785,35.65034494,29459.91361,9.87260902,6.800425922,1,-118.2869737,33.90227341,12.63888889
2A47,47632.17734,53.70690765,24.91654283,65.94995462,0.147792113,31.92261192,5.191959831,1.553167785,19.56374621,0.152537226,67.59745661,28.0477984,49.82256632,16654.37709,0.207395157,3.006583109,43.19761876,35.68629076,31106.51547,10.48778992,6.531133878,1,-118.4579696,34.26739821,16.12
2A5,60787.74128,50.88968531,21.41195181,68.56905979,0.173778679,49.27791612,4.317343333,1.747638209,20.33163995,0.494918411,55.1466026,12.69985651,47.16767254,22182.06434,0.220140278,2.814444808,27.58555635,24.465053,44908.83957,6.955361123,6.66295616,1,-118.4648406,34.23688644,19.5
2A69,25745.98849,53.81609959,24.32609396,67.63763691,0.142672164,35.9265404,6.018371982,2.496193252,15.61586507,0.201594876,66.83037141,31.43892292,53.5215673,10279.88452,0.230331134,2.401978286,44.57290148,45.7810153,25200.89174,18.10990526,4.615085203,1,-118.4300571,34.31481807,13.69767442
2A75,50483.17192,52.2259326,25.85281495,64.6830664,0.159463102,26.95422818,4.862108229,1.402258325,19.22203092,0.212189413,70.72430963,28.04591795,51.93834752,16805.58269,0.19510354,3.07991192,44.26483892,33.91034029,30114.57434,9.706135664,7.162153859,1,-118.4301931,34.23916127,18.16666667
2A91,43985.16341,50.26342717,25.99761965,64.37224106,0.169121283,28.42855974,5.735839679,1.398886462,18.12578547,0.345080727,68.95295432,23.07794812,52.69719382,14703.99376,0.189598613,2.919462665,40.42862915,33.05947604,31163.32801,6.23559902,7.366526157,1,-118.4452781,34.21630335,20.59259259
3A1,47073.2482,47.80030078,23.6990431,64.90148308,0.181658248,38.90647926,36.19534537,1.499873553,4.202772407,0.30000323,53.09538474,3.900006343,59.09642971,17211.2608,0.164172821,2.764957581,25.09715093,22.19790399,41147.40923,7.699031248,6.199638963,1,-118.2382399,34.06274675,25.42857143
3A15,49396.30625,48.42085869,26.83597528,63.31230674,0.157976511,23.11271739,29.75950941,1.947363372,8.341046865,0.26949164,55.2659214,7.125456028,59.13898943,15250.38859,0.156213477,3.277643669,32.66314431,31.569945,32719.16366,7.924566887,7.266391574,1,-118.2361389,34.0437696,17.63043478
3A19,41253.94651,49.6394026,25.21303429,67.65083849,0.11483719,31.65524582,10.89849458,1.120879444,21.0341924,0.496781072,50.39303236,11.20082324,65.50349382,11552.71292,0.171531299,3.362879713,35.53060763,48.16730463,22765.6284,6.213748997,6.78213773,1,-118.25429,34.05030702,9.659090909
3A31,48968.10065,47.88380812,25.19174826,63.65857592,0.175815215,31.27872177,35.82790865,1.789999758,4.324357025,0.258581788,54.63376275,4.769987229,58.23127759,16830.99989,0.158982639,2.961820627,27.87592765,23.98168779,38885.6906,7.990124232,6.697215292,1,-118.2654884,34.04160497,11.26829268
3A41,35824.77801,44.94338547,21.25664003,62.99978644,0.194485569,25.63121524,59.63805644,1.420047437,4.454826013,0.227828514,32.22687384,3.177079577,58.68205248,15206.47977,0.140791255,2.408268126,19.12506418,21.35031522,38011.69742,5.537498007,6.470027497,1,-118.2570954,34.03795936,13.95
3A55,45368.94349,47.89491831,27.70542971,61.89170462,0.167111287,20.51222103,34.68231629,1.729495894,3.41962269,0.340469277,59.31757718,6.509741389,57.97919791,13900.71378,0.150590995,3.365025792,35.33643135,26.68999875,36114.08811,8.661475813,7.002877276,1,-118.3157301,34.07253579,9.333333333
3A57,44699.20079,57.77119075,44.25168957,66.3376561,0.152167273,39.97275278,17.33146212,1.511505799,16.98199578,0.50874324,65.85480756,11.2312474,84.88919218,14284.34968,0.194372308,3.740831294,43.06750909,62.49047324,24679.47289,6.69736568,8.201011702,1,-118.3047603,34.0744512,21.55
3A63,35311.05439,44.697713,21.12393688,62.76171999,0.195056118,24.04355435,62.01370439,1.422766072,4.283274931,0.221494282,30.77035561,3.115896659,58.92616466,15163.69801,0.138061697,2.381694453,18.82070834,21.43529146,37237.68849,5.422274343,6.521865578,1,-118.2960152,34.0708672,9.421052632
3A73,38641.38944,48.02311738,23.68360656,65.62972799,0.201189376,21.76648295,65.10201087,1.569605046,3.695764323,0.260693578,34.43814398,3.11841806,64.66942813,16295.68682,0.14523226,2.694052746,21.76979185,23.0430321,40125.27866,6.516124718,7.889945922,1,-118.2877967,34.06705198,10.57142857
3A99,50032.98146,48.648751,30.82341933,60.78692757,0.147457804,25.5663245,26.17511321,1.252750039,1.182078155,0.246932619,71.21010018,9.904353498,63.99332699,13811.50016,0.159310637,3.67130229,46.60303715,34.52971297,31306.2991,8.021585485,6.475137384,1,-118.3118862,34.0535714,16.72916667
4A15,43212.3091,49.61216857,29.00028249,59.49157252,0.187293693,49.64882919,1.68246115,1.494187094,16.4102584,0.199983276,76.89055144,8.335918183,53.87235914,12330.39492,0.149510597,3.451190807,46.65535834,30.83050407,35085.67481,8.056346437,6.079672168,1,-118.2913437,34.0518016,23.85294118
4A3,46357.57017,49.14173622,25.79854535,62.09070163,0.206236514,46.64467018,2.708989413,1.89328797,19.9308744,0.318285294,63.3866336,5.385496399,49.74455026,14526.81017,0.167162553,3.145989493,31.8658214,22.47619275,49350.61535,7.089663955,6.376283905,1,-118.3090685,34.04215848,34.41176471
4A53,49216.32286,49.18038319,33.68656328,56.87731308,0.159476955,67.37312656,1.89924244,0.899641156,5.09796655,0.199920257,90.86375674,10.59577361,55.07803076,13164.74891,0.147453221,3.718516778,54.77815038,37.48504816,29487.23829,9.496212201,5.497807064,1,-118.2922339,34.04210688,17.70967742
4A59,52803.56742,49.71592907,30.71332279,58.88605026,0.195602142,45.48820036,0.981332818,0.853904613,2.928019703,0.044812224,94.17486124,7.036561345,49.47040188,13514.79377,0.147795755,3.885070037,51.17170035,26.77481837,40244.76269,12.25923938,7.858600966,1,-118.632242,34.2166994,16.56521739
4A71,48139.8889,49.62843484,33.17139618,58.01432493,0.168309424,65.46101571,1.569094595,0.898325024,3.23093014,0.108214432,93.59324672,10.13202428,53.66246736,12335.7657,0.145923604,3.939455134,55.60895078,33.18826068,33249.40213,8.700443691,6.039772294,1,-118.5715167,34.20153873,22.43478261
4A9,46358.21777,48.80268818,21.87789918,63.39940325,0.236678532,31.29662495,2.269076579,0.964675346,40.38490095,0.32814773,48.77882111,4.094223148,48.48824842,15241.31521,0.156209333,3.047298448,23.53259886,17.57266165,51881.77955,5.823301652,4.897406965,1,-118.5959984,34.2157644,17.16666667
4A97,46611.30164,50.10576124,32.60374878,59.30681918,0.177552468,64.10737051,1.200137979,0.900103492,1.000115013,0,96.71111999,9.701115364,52.10599111,11240.2925,0.143501016,4.205483546,56.70652008,28.20324278,37476.3092,7.50086263,6.600759013,1,-118.5847979,34.16188654,31.75
5A1,33331.83431,49.71947806,24.35597081,61.36930594,0.246040498,43.83074071,8.208721103,1.547633261,34.35136206,0.885170078,36.33943528,3.476739002,44.60239453,11119.61651,0.134551583,2.981730757,14.39681994,12.48677761,66529.10155,4.929668607,5.63980127,1,-118.2937548,34.0846533,22.55555556
5A11,27005.48407,48.25435719,25.0450979,62.92237555,0.223265265,56.10341663,10.3702216,3.925061662,19.57875652,1.739148359,42.02161973,3.638463337,46.62035882,9134.474192,0.144069111,2.912808031,18.90743444,16.13163237,56396.74302,4.835455399,6.114679795,1,-118.2705227,34.07124954,17.25806452
5A15,52787.87719,49.29353316,29.52115219,59.22317169,0.203952422,45.35184827,10.60170507,5.255068914,26.06745927,3.212555159,55.83599067,9.520997031,48.32750182,13669.36454,0.148040858,3.876392528,30.31645087,20.03806396,55230.16885,6.167931872,7.071748416,1,-118.2573323,34.06623381,16.38461538
5A17,59681.92703,49.64751456,35.38167156,57.49944261,0.159039614,56.95936469,9.797028713,6.506925489,11.26402385,0.825994072,74.30801255,16.33386037,53.62548224,15832.6104,0.162666917,3.744809489,44.16658121,31.87276482,35599.23746,8.685938665,6.948956543,1,-118.2797615,34.06118671,16.19047619
5A25,58088.81033,50.00357692,32.93933029,58.50100309,0.18596069,62.75929834,3.830906896,6.641565167,3.760572725,0.718807727,83.74363333,12.96346496,52.61513395,15861.27985,0.147191568,3.750726939,39.67089449,26.13649206,43349.67005,6.57361125,5.837079563,1,-118.2805051,34.08026278,21.54166667
5A55,41766.90707,47.93845178,23.49608264,55.16936494,0.314821966,68.14948236,4.967715888,1.552750893,22.86557699,1.230239361,23.09534099,1.245347876,47.53126958,15514.94931,0.089776795,2.633962771,8.1682128,7.916809369,98817.13715,2.746952588,4.000944378,1,-118.2651503,34.05418695,9
5A59,49451.51454,51.81155932,21.4546394,68.73508671,0.181136293,63.50054918,14.60254229,3.41705309,8.400298923,1.016895617,45.29873454,5.410539175,47.28374433,21277.71396,0.182577949,2.225787728,18.00177387,23.07737637,46980.94295,6.170859973,6.134361978,1,-118.2776693,34.05252553,20.68181818
5A85,46822.05301,49.31514483,24.00232327,61.42552133,0.212819098,70.44902408,8.546688324,3.259509756,8.986045007,0.836202236,45.0118358,2.259549784,48.26621924,17319.52631,0.138316223,2.603956224,17.47197988,15.42742683,62406.86252,3.54463794,6.684981059,1,-118.2777604,34.04445602,13.40909091
6A15,24442.93199,54.91680565,11.87862151,77.11056609,0.18000162,77.39533635,6.236382674,1.618692401,10.61167517,0.756341584,15.78554514,2.230561788,50.0085796,13128.4026,0.24773493,1.858213368,5.722060503,16.00500276,64993.26806,2.723662349,8.085255519,1,-118.363977,34.02786507,14.60655738
6A31,40595.8002,56.36591833,7.091510453,79.48575987,0.187794561,83.76948874,6.132319862,1.721132922,8.198348951,0.664125442,11.56607019,1.328975852,43.14002929,23427.81566,0.283341438,1.829622373,3.451042736,12.97025061,68117.14229,1.55766226,5.920312426,1,-118.3103172,34.03243894,14.76190476
6A45,38773.17618,55.19720293,9.759668779,78.75405598,0.160752206,69.04458442,8.306100016,1.895607491,8.96995955,0.447299534,23.55365139,4.164455614,49.030972,21203.52122,0.285159877,1.911936163,10.36754034,21.99472772,46390.70486,5.929706346,7.273770155,1,-118.2828841,34.03111816,9.096153846
6A49,33779.62659,54.74761071,11.32140659,77.71852191,0.150050788,60.60733979,8.781094221,1.556987549,10.88266975,0.399989978,30.1333602,5.79603622,50.30816002,17236.23203,0.280121678,1.966778596,14.09542124,25.46922042,38800.70586,8.220670187,7.885342275,1,-118.3363717,34.02698567,10.95121951
6A63,29606.51217,54.30010646,15.88965096,75.41041446,0.140798121,51.61461818,8.254719987,1.286879137,8.406718054,0.244807628,44.84823174,11.65852393,52.7377025,13758.72237,0.26375953,2.197364573,21.86945906,28.93600784,35775.11472,7.924407782,7.694210122,1,-118.3259244,34.00819911,16.30434783
6A67,30125.72307,54.81528274,14.17576116,76.51659832,0.136409313,53.9282802,8.778461623,1.428138534,8.912256544,0.29819465,40.37518909,9.718820344,52.37664141,14585.52291,0.271307426,2.096666413,19.42761806,28.36533208,35710.91805,8.251407429,7.824293151,1,-118.1979025,34.09177849,13.625
6A77,31587.96076,52.18917547,20.40596438,70.82768334,0.164399115,43.72092492,5.750689253,0.900263106,10.18435858,0.185269766,56.27558488,16.35029552,53.07464943,12236.7553,0.227380937,2.596364494,29.18909087,29.57010659,35576.98006,7.229354254,7.245307095,1,-118.2990628,33.84806296,15.62068966
6A79,37291.32508,51.98776838,18.57723682,70.37376891,0.175554211,45.21992918,4.747150558,1.024267757,15.08607266,0.35470364,50.32484126,13.51259226,51.89577398,14460.74009,0.221620963,2.678947261,27.36659719,27.51623547,36166.14283,7.721204935,7.27603746,1,-118.2975887,33.79311944,22.05882353
7A1,35040.91561,50.08755491,12.03401763,75.94218685,0.195141578,78.20588251,5.895764726,1.173092125,14.02090458,0.444755488,10.58373131,1.150147325,43.17779086,18583.81863,0.279261812,2.034373115,3.625586253,12.3545676,73067.23101,2.26586283,5.322247204,1,-118.2997805,33.75538693,10.48148148
7A17,47278.87671,48.96573363,20.01176031,70.67461009,0.195602461,44.65351243,5.944071189,0.94589663,29.68453377,0.630901716,37.3193485,11.27029561,49.56618258,18760.30197,0.223068504,2.572069972,18.98989542,19.9938429,47884.08304,7.064096604,5.83175175,1,-118.3251037,34.12032122,11.125
7A21,18950.37144,46.43600302,13.88442311,70.97010881,0.219495757,84.44205131,3.135577604,0.622016298,12.67068611,0.49434041,8.724159002,0.825403803,41.22379577,9790.51978,0.269232276,2.058429535,3.756772736,9.57713341,80750.46414,2.125989466,5.151667832,1,-118.3683191,34.10990057,6.888888889
7A33,43649.38131,47.25205027,17.81705491,72.94777318,0.196018218,63.84323161,9.854463938,1.130902091,20.21660638,0.462658154,16.20273476,2.326048987,47.09498538,19663.21888,0.243742608,2.377963005,6.886676011,14.86535148,67362.29805,4.748872332,5.043323936,1,-118.3115435,34.10221749,22.55555556
7A47,58545.63919,49.32669121,21.39917105,67.40351927,0.190542001,33.57035386,16.71946413,1.587371143,22.73340549,0.299505717,46.671766,12.44819352,51.21319302,21692.63423,0.184262777,2.7264155,25.91016899,22.91928752,43688.22411,6.654385995,6.364790156,1,-118.3362339,34.09431337,12.26315789
7A53,54698.04313,48.39743485,21.18920664,65.85157742,0.202956893,52.78137817,16.84797243,1.374107022,14.36304414,0.298199098,33.84271633,6.287930473,50.08921962,20459.85794,0.180421154,2.665297828,18.333695,17.38174924,57507.12292,5.433273076,5.535050965,1,-118.318218,34.08699144,12.9047619
7A69,82566.80451,48.77064454,23.70923206,64.96757011,0.142083758,31.95144615,26.35552557,1.868704564,12.42140796,0.265738034,50.50175394,8.163352824,52.58154372,21655.83332,0.126055669,2.966408925,27.39560034,22.77123379,43384.37169,7.295509659,6.54672067,1,-118.3072387,34.09350666,14.25
7A73,54461.82971,48.93653949,21.10321121,67.69684832,0.189759331,47.18571927,24.39513127,1.347517149,12.48494267,0.382691645,42.88288031,5.043903944,51.5474814,21116.21606,0.20258285,2.631665857,19.88999012,19.33902959,49706.88749,6.34253362,5.679797635,1,-118.3598545,34.08213927,12.38888889
7A85,61837.43998,48.76415935,22.39654652,66.07103109,0.192293681,38.2147232,26.03753382,1.637465154,12.85375508,0.300013119,48.98235538,7.677616691,52.92212411,22286.52824,0.170376451,2.806377264,25.10162787,21.23988128,45522.4152,7.01366505,6.131707427,1,-118.3347122,34.07315399,16.31578947
8A1,19027.83432,48.78824659,22.96081542,53.94972634,0.345318673,91.74929724,2.169899378,1.4498236,8.481128496,0.307397494,6.71528355,0.393689784,47.25524557,7657.768868,0.065873525,2.332053197,2.355236838,6.488714205,146554.0596,2.377774536,3.872277321,1,-118.3341185,34.05367871,22.88888889
8A13,30060.94237,47.6167342,16.1443642,65.542974,0.278162368,86.82929083,2.829900679,1.391133797,11.6849298,0.278750274,7.563929599,0.427878232,37.74262499,14736.40619,0.195400165,2.018542834,2.76324689,8.506670633,103875.1643,2.807998665,4.429705808,1,-118.3643746,34.05054371,9
8A29,38323.17098,47.22215616,24.48037526,59.44352922,0.193253421,73.99395288,2.575093399,0.979701007,23.72508646,0.346601734,9.334238207,1.803900782,54.23637624,13946.70651,0.137469117,2.305463783,3.630759055,22.76791426,92984.00955,3.233888554,4.495652748,1,-118.323767,34.04274812,17.81081081
8A35,40705.47487,49.7961928,15.14059326,72.0311452,0.20546835,70.30481585,4.466794605,2.014401638,23.11838501,0.54100716,17.13059783,2.473681966,42.59835892,18791.56657,0.283092079,2.213838182,7.155423436,11.4322214,78736.25219,1.530982069,3.967803831,1,-118.3628565,34.03868655,10.71428571
8A53,34875.94293,48.99889705,14.97718415,72.35811388,0.193030407,71.34331685,5.973761284,1.932485192,19.95265693,0.376341983,22.33649896,2.444781972,39.98913768,16104.60588,0.273566077,2.18317116,8.804232399,13.62202021,74364.64821,3.221883588,5.46892084,1,-118.5458526,34.07833683,11.67741935
8A59,36453.33572,47.84518062,19.42868629,66.34404871,0.217643233,75.02401812,9.163401771,0.811841773,13.08240454,0.40976464,14.74542428,1.558813984,48.01754274,15961.08219,0.238980083,2.36815413,7.103807603,12.2308516,71265.46989,3.692439371,4.556215814,1,-118.4951891,34.08871819,16.66666667
8A95,34859.04139,48.22607841,19.50526619,65.39838821,0.218547198,74.42617554,7.136639924,1.19095868,16.98374398,0.401159061,16.36784761,2.25735481,43.46764819,15374.84731,0.24286047,2.322554632,6.126412211,11.52100146,80051.93315,5.084638936,4.343864236,1,-118.4416947,34.09799879,20.03333333
9A19,50439.39643,49.88693771,27.25413271,63.60575978,0.18682703,48.42295084,4.863112206,0.693906536,8.387849736,0.241644192,57.43106886,8.757377116,56.46491527,16510.39107,0.167290957,2.985981323,26.66438685,24.31391611,42376.0208,6.311045913,7.02432904,1,-118.4529069,34.03862104,27.95454545
9A23,44232.44875,49.8843636,27.35976252,63.4572318,0.186082652,54.24439417,5.137559896,0.83223048,8.874089946,0.214875524,57.3219646,7.861024508,55.54789416,14659.61055,0.171324968,2.945163825,26.20412444,22.91310596,43646.82642,6.266379508,7.654135889,1,-118.3807229,34.05012108,15.60526316
9A37,39960.06237,49.66020838,23.49468848,66.18735209,0.202702909,65.25710142,6.407767181,0.954039896,7.613072048,0.162934161,40.75780033,3.892096088,53.89822265,14831.27373,0.180005016,2.662666831,18.79185855,20.26333887,52593.33308,6.946064652,6.034917779,1,-118.4014152,34.04363089,14.88888889
9A41,30388.9802,49.59280135,25.08392916,65.34308041,0.192733197,69.94401788,6.148219618,1.033504169,8.364817109,0.105320402,47.5368037,4.522520625,54.37689084,11339.93292,0.19140508,2.689829213,22.01345797,21.08806684,48434.605,6.71206917,7.571817119,1,-118.4354045,34.19350496,16.42857143
9A5,54460.50182,49.97329241,28.39603768,62.57221273,0.184413565,43.08809672,4.439106876,0.640046539,8.859109385,0.290004121,62.12339907,10.13883141,56.56447163,17298.53474,0.163594544,3.090231318,28.52832051,24.63763958,40495.23622,5.980198424,7.389021512,1,-118.4618665,34.19177,12.13333333
9A63,32130.14068,48.86174456,18.72560919,67.40016618,0.244294545,81.06679257,6.988391297,1.025387264,9.143309429,0.399906704,16.78465021,1.168841454,44.6918767,13894.19482,0.186291563,2.320292249,6.569510308,10.23309461,76992.91245,3.244829781,6.618820933,1,-118.4246058,34.17420105,21.33333333
9A89,30093.23228,48.61722278,17.87337837,67.14377191,0.259485463,85.13009367,6.906330672,1.007813607,9.575696627,0.451122466,10.84866673,0.505453516,42.23029263,13555.80271,0.185908363,2.253185659,3.653935228,7.798688417,86288.15102,2.512958992,6.620049267,1,-118.4421296,34.15973242,11.15789474
LAX,29743.98607,48.75887263,23.73407245,64.75520961,0.228115433,75.48833446,9.791611053,2.155183011,14.50784629,1.306986453,17.91937363,1.148879235,39.64995195,11406.04585,0.156431223,2.45730415,3.949141567,9.7757509,85877.35942,4.419365021,5.14132757,1,-118.4423999,34.14128308,1
